No,Posting Date,KOL Name,Platform,Product Category,Budget,Budget Category,Views,Reach,Total Engagement,Likes,Comment,Saved,Share,ER,Status Insight
1,20-Mar,KOL 1,Instagram,MTL 1,"200,000",Package,403,278,73,39,10,15,9,18.11%,Submitted
2,18-Mar,KOL 2,Instagram,MTL 1,"200,000",Package,"11,200","8,856",262,227,25,2,8,2.34%,Submitted
3,16-Mar,KOL 3,Instagram,MTL 1,"200,000",Package,"20,200","1,789","1,679","1,200",94,33,352,8.31%,Submitted
4,22-Mar,KOL 4,Instagram,MTL 1,"200,000",Package,"30,100",68,498,495,2,1,0,1.65%,Submitted
5,19-Mar,KOL 5,Instagram,MTL 1,"200,000",Package,"5,129","3,524",475,440,34,1,0,9.26%,Submitted
6,16-Mar,KOL 6,Instagram,MTL 1,"200,000",Package,"4,353",504,393,329,32,17,15,9.03%,Submitted
7,19-Mar,KOL 7,Instagram,MTL 1,"200,000",Package,"2,058","1,707",148,66,46,15,21,7.19%,Submitted
8,16-Mar,KOL 8,Instagram,MTL 1,"200,000",Package,"10,300","1,422",421,353,50,10,8,4.09%,Submitted
9,21-Mar,KOL 9,Instagram,MTL 1,"200,000",Package,"10,300",258,"8,254","5,100",110,344,"2,700",80.14%,Submitted
10,20-Mar,KOL 10,Instagram,MTL 1,"200,000",Package,"3,022",278,73,39,10,15,9,2.42%,Submitted
11,16-Mar,KOL 11,Instagram,MTL 1,"200,000",Package,"7,709","6,583",363,174,23,47,119,4.71%,Submitted
12,22-Mar,KOL 12,Instagram,MTL 1,"200,000",Package,"36,200","6,581","2,781","2,600",59,12,110,7.68%,Submitted
13,17-Mar,KOL 13,Instagram,MTL 1,"200,000",Package,"5,922","4,487",793,342,100,27,324,13.39%,Submitted
14,21-Mar,KOL 14,Instagram,MTL 1,"200,000",Package,"6,495",360,220,195,22,1,2,3.39%,Submitted
15,17-Mar,KOL 15,Instagram,MTL 1,"200,000",Package,"3,246","2,933",875,660,90,0,125,26.96%,Submitted
16,19-Mar,KOL 16,Instagram,MTL 1,"200,000",Package,"7,471","7,133",533,480,40,13,0,7.13%,Submitted
17,23-Mar,KOL 17,Instagram,MTL 1,"200,000",Package,"30,400","10,876",277,168,55,54,0,0.91%,Submitted
18,22-Mar,KOL 18,Instagram,MTL 1,"200,000",Package,818,483,373,41,21,0,311,45.60%,Submitted
19,20-Mar,KOL 19,Instagram,MTL 1,"200,000",Package,"12,000","2,237",605,248,64,2,291,5.04%,Submitted
20,17-Mar,KOL 20,Instagram,MTL 1,"200,000",Package,"4,104",157,375,319,28,14,14,9.14%,Submitted
21,19-Mar,KOL 21,Instagram,MTL 1,"200,000",Package,"30,300",208,"2,048","2,000",26,11,11,6.76%,Submitted
22,21-Mar,KOL 22,Instagram,MTL 1,"200,000",Package,"12,000","2,411",796,755,39,2,0,6.63%,Submitted
23,18-Mar,KOL 23,Instagram,MTL 1,"200,000",Package,"37,100","37,911","3,458","3,000",159,58,241,9.32%,Submitted
24,23-Mar,KOL 24,Instagram,MTL 1,"200,000",Package,"1,414",259,72,37,35,0,0,5.09%,Submitted
25,17-Mar,KOL 25,Instagram,MTL 1,"200,000",Package,"3,899","1,140",869,800,39,16,14,22.29%,Submitted
26,24-Mar,KOL 26,Instagram,MTL 1,"200,000",Package,"50,700",161,"3,501","3,000",1,0,500,6.91%,Submitted
27,20-Mar,KOL 27,Instagram,MTL 1,"200,000",Package,"37,700",640,"3,516",422,66,28,"3,000",9.33%,Submitted
28,18-Mar,KOL 28,Instagram,MTL 1,"200,000",Package,"6,131",245,"1,281","1,100",128,6,47,20.89%,Submitted
29,19-Mar,KOL 29,Instagram,MTL 1,"200,000",Package,"5,839","3,720","1,899","1,800",15,6,78,32.52%,Submitted
30,18-Mar,KOL 30,Instagram,MTL 1,"200,000",Package,"6,268","5,152",870,414,8,0,448,13.88%,Submitted
31,21-Mar,KOL 31,Instagram,MTL 1,"200,000",Package,"21,800","20,604",762,513,1,4,244,3.50%,Submitted
32,16-Mar,KOL 32,Instagram,MTL 1,"200,000",Package,"6,418","2,764",949,621,18,103,207,,Submitted
33,20-Mar,KOL 33,Instagram,MTL 1,"200,000",Package,"7,387","19,644",601,479,21,6,95,8.14%,Submitted
34,17-Mar,KOL 34,Instagram,MTL 1,"200,000",Package,"12,400","2,528",782,703,69,2,8,6.31%,Submitted
35,22-Mar,KOL 35,Instagram,MTL 1,"200,000",Package,"2,375","1,271",372,330,26,5,11,15.66%,Submitted
36,18-Mar,KOL 36,Instagram,MTL 1,"200,000",Package,"1,776","1,078",70,46,13,0,11,3.94%,Submitted
37,20-Mar,KOL 37,Instagram,MTL 1,"200,000",Package,"4,695","4,714",716,660,54,2,0,15.25%,Submitted
38,19-Mar,KOL 38,Instagram,MTL 1,"200,000",Package,"10,600",850,233,156,24,20,33,2.20%,Submitted
39,21-Mar,KOL 39,Instagram,MTL 1,"200,000",Package,"5,103","3,726",700,591,59,25,25,13.72%,Submitted
40,23-Mar,KOL 40,Instagram,MTL 1,"200,000",Package,"12,100",424,"2,758","2,600",33,6,119,22.79%,Submitted
41,23-Mar,KOL 41,Instagram,MTL 1,"200,000",Package,593,395,51,40,1,0,10,8.60%,Submitted
42,16-Mar,KOL 42,Instagram,MTL 1,"200,000",Package,"14,005",300,"1,410","1,100",98,103,109,10.07%,Submitted
43,19-Mar,KOL 43,Instagram,MTL 1,"200,000",Package,783,496,50,33,16,1,0,6.39%,Submitted
44,1-Apr,KOL 44,Instagram,MTL 1,"200,000",Package,662,,0,,,,,0.00%,Not Submitted
45,11-Apr,KOL 45,Instagram,MTL 1,"200,000",Package,"60,300",,0,,,,,0.00%,Not Submitted
46,7-Apr,KOL 46,Instagram,MTL 1,"200,000",Package,"11,877","1,599",998,986,12,0,0,8.40%,Submitted
47,18-Mar,KOL 47,Instagram,MTL 1,"200,000",Package,"5,402","4,714","1,067",970,93,3,1,19.75%,Submitted
48,18-Mar,KOL 48,Instagram,MTL 1,"200,000",Package,375,215,9,7,0,1,1,2.40%,Submitted
49,18-Mar,KOL 49,Instagram,MTL 1,"200,000",Package,"1,960",248,176,144,18,7,7,8.98%,Submitted
50,29-Mar,KOL 50,Instagram,MTL 1,"200,000",Package,"8,103",52,"1,007","1,000",6,1,0,12.43%,Submitted
51,26-Mar,KOL 51,Instagram,MTL 1,"200,000",Package,"17,300","12,326",570,469,26,23,52,3.29%,Submitted
52,11-Apr,KOL 52,Instagram,MTL 1,"200,000",Package,"10,700",,17,16,1,,0,0.16%,Not Submitted
53,30-Mar,KOL 53,Instagram,MTL 1,"200,000",Package,"2,270",995,34,27,2,5,0,1.50%,Submitted
54,19-Mar,KOL 54,Instagram,MTL 1,"200,000",Package,"9,132","1,686","2,491","1,200",52,502,737,27.28%,Submitted
55,21-Mar,KOL 55,Instagram,MTL 1,"200,000",Package,"4,419","1,122",945,523,23,5,394,21.38%,Submitted
56,19-Mar,KOL 56,Instagram,MTL 1,"200,000",Package,"2,865",248,103,38,15,2,48,3.60%,Submitted
57,19-Mar,KOL 57,Instagram,MTL 1,"200,000",Package,"1,382","1,046",667,663,3,1,0,48.26%,Submitted
58,12-Apr,KOL 58,Instagram,MTL 1,"200,000",Package,643,,18,14,1,,3,2.80%,Not Submitted
59,20-Mar,KOL 59,Instagram,MTL 1,"200,000",Package,"1,721","1,056","1,439",911,36,7,485,83.61%,Submitted
60,22-Mar,KOL 60,Instagram,MTL 1,"200,000",Package,"2,569","2,540",114,58,52,4,0,4.44%,Submitted
61,18-Mar,KOL 61,Instagram,MTL 1,"200,000",Package,"55,255","53,145","5,905","5,300",35,190,380,10.69%,Submitted
62,21-Mar,KOL 62,Instagram,MTL 1,"200,000",Package,"4,114",232,91,67,7,3,14,2.21%,Submitted
63,12-Apr,KOL 63,Instagram,MTL 1,"200,000",Package,"9,416",,33,,33,,,0.35%,Not Submitted
64,31-Mar,KOL 64,Instagram,MTL 1,"200,000",Package,"9,446",191,48,25,20,2,1,0.51%,Submitted
65,,KOL 65,Instagram,MTL 1,"200,000",Package,,,0,,,,,,Not Submitted
66,3-April,KOL 66,Instagram,MTL 1,"200,000",Package,"4,980",191,48,25,20,2,1,0.96%,Submitted
67,30-Mar,KOL 67,Instagram,MTL 1,"200,000",Package,266,184,13,8,2,2,1,4.89%,Submitted
68,,KOL 68,Instagram,MTL 1,"200,000",Package,,,0,,,,,,Not Submitted
69,11-May,KOL 69,Instagram,MTL 1,"200,000",Package,"23,500",,8,,8,,,0.03%,Not Submitted
70,29-Mar,KOL 70,Instagram,MTL 1,"200,000",Package,"1,197",160,10,8,2,0,0,0.84%,Submitted
71,,KOL 71,Instagram,MTL 1,"200,000",Package,,,0,,,,,,Not Submitted
72,22-Mar,KOL 72,Instagram,MTL 1,"200,000",Package,230,219,6,4,2,0,0,2.61%,Submitted
73,,KOL 73,Instagram,MTL 1,"200,000",Package,179,,5,5,0,,0,2.79%,Not Submitted
74,25-Mar,KOL 74,Instagram,MTL 1,"200,000",Package,"15,200","11,157",458,428,18,6,6,3.01%,Submitted
75,20-Apr,KOL 75,Instagram,MTL 1,"200,000",Package,64,45,6,6,0,0,0,9.38%,Submitted
76,29-Mar,KOL 76,Instagram,MTL 1,"200,000",Package,"12,354","3,672","3,673","3,600",72,1,0,29.73%,Submitted
77,27-Mar,KOL 77,Instagram,MTL 1,"200,000",Package,"3,791","3,787",618,327,21,3,267,16.30%,Submitted
78,27-Mar,KOL 78,Instagram,MTL 1,"200,000",Package,441,234,"1,506","1,500",5,1,0,341.50%,Submitted
79,19-Mar,KOL 79,Instagram,MTL 1,"200,000",Package,"2,526",258,273,218,21,16,18,10.81%,Submitted
80,3-Apr,KOL 80,Instagram,MTL 1,"200,000",Package,378,358,6,6,0,0,0,1.59%,Submitted
81,20-Mar,KOL 81,Instagram,MTL 1,"200,000",Package,169,160,332,32,33,260,7,196.45%,Submitted
82,19-Mar,KOL 82,Instagram,MTL 1,"200,000",Package,668,253,25,21,3,0,1,3.74%,Submitted
83,10-Apr,KOL 83,Instagram,MTL 1,"200,000",Package,"6,164","1,086",278,272,6,0,0,4.51%,Submitted
84,28-Mar,KOL 84,Instagram,MTL 1,"200,000",Package,"13,100","8,585","1,254","1,200",44,3,7,9.57%,Submitted
85,,KOL 85,Instagram,MTL 1,"200,000",Package,,,0,,,,,,Not Submitted
86,27-Mar,KOL 86,Instagram,MTL 1,"200,000",Package,"1,494",187,263,65,57,2,139,17.60%,Submitted
87,30-Mar,KOL 87,Instagram,MTL 1,"200,000",Package,"13,100",190,"1,138","1,100",38,0,0,8.69%,Submitted
88,27-Mar,KOL 88,Instagram,MTL 1,"200,000",Package,"4,266",238,"1,052","1,000",25,21,6,24.66%,Submitted
89,10-Apr,KOL 89,Instagram,MTL 1,"200,000",Package,907,546,245,205,38,1,1,27.01%,Submitted
90,5-Apr,KOL 90,Instagram,MTL 1,"200,000",Package,"29,800",270,251,210,41,0,0,0.84%,Submitted
91,,KOL 91,Instagram,MTL 1,"200,000",Package,,,0,,,,,,Not Submitted
92,22-Mar,KOL 92,Instagram,MTL 1,"200,000",Package,"1,929","1,150","1,225","1,000",122,72,31,63.50%,Submitted
93,28-Mar,KOL 93,Instagram,MTL 1,"200,000",Package,149,120,2,2,0,0,0,1.34%,Submitted
94,7-May,KOL 94,Instagram,MTL 1,"200,000",Package,340,"8,021",849,835,13,1,0,249.71%,Submitted
95,29-Mar,KOL 95,Instagram,MTL 1,"200,000",Package,"9,773","5,666",55,39,10,4,2,0.56%,Submitted
96,9-April,KOL 96,Instagram,MTL 1,"200,000",Package,"5,468","4,097",604,562,41,1,0,11.05%,Submitted
97,25-Mar,KOL 97,Instagram,MTL 1,"200,000",Package,"33,500","6,869","2,199","2,160",33,0,6,6.56%,Submitted
98,,KOL 98,Instagram,MTL 1,"200,000",Package,331,,55,50,5,,,16.62%,Not Submitted
99,19-May,KOL 99,Instagram,MTL 1,"200,000",Package,249,,0,,,,,0.00%,Not Submitted
100,,KOL 100,Instagram,MTL 1,"200,000",Package,,,0,,,,,,Not Submitted
101,22-Mar,KOL 101,Instagram,MTL 1,"200,000",Package,362,180,40,22,18,0,0,11.05%,Submitted
102,20-Mar,KOL 102,Instagram,MTL 1,"200,000",Package,"4,687",100,283,279,3,1,0,6.04%,Submitted
103,,KOL 103,Instagram,MTL 1,"200,000",Package,,,0,,,,,,Not Submitted
104,23-Mar,KOL 104,Instagram,MTL 1,"200,000",Package,199,161,4,4,0,0,0,2.01%,Submitted
105,,KOL 105,Instagram,MTL 1,"200,000",Package,,,0,,,,,,Not Submitted
106,11-Apr,KOL 106,Instagram,MTL 1,"200,000",Package,"8,427",281,18,15,3,0,0,0.21%,Submitted
107,12-Apr,KOL 107,Instagram,MTL 1,"200,000",Package,"3,597",298,38,36,2,0,0,1.06%,Submitted
108,24-Mar,KOL 108,Instagram,MTL 1,"200,000",Package,"3,449","1,146","3,371","1,146",19,"1,132","1,074",97.74%,Submitted
109,,KOL 109,Instagram,MTL 1,"200,000",Package,,,0,,,,,,Not Submitted
110,24-Mar,KOL 110,Instagram,MTL 1,"200,000",Package,"2,989",343,565,471,35,24,35,18.90%,Submitted
111,24-Mar,KOL 111,Instagram,MTL 1,"200,000",Package,792,572,722,643,77,2,0,91.16%,Submitted
112,26-Mar,KOL 112,Instagram,MTL 1,"200,000",Package,142,130,148,113,24,11,0,104.23%,Submitted
113,14-Apr,KOL 113,Instagram,MTL 1,"200,000",Package,"6,618","1,343",256,200,18,2,36,3.87%,Submitted
114,25-Apr,KOL 114,Instagram,MTL 1,"200,000",Package,179,152,97,14,10,0,73,54.19%,Submitted
115,19-Mar,KOL 115,Instagram,MTL 1,"200,000",Package,"2,935",550,554,250,102,26,176,18.88%,Submitted
116,21-Mar,KOL 116,Instagram,MTL 1,"200,000",Package,"46,000",363,"2,540","2,400",64,1,75,5.52%,Submitted
117,20-Mar,KOL 117,Instagram,MTL 1,"200,000",Package,"6,491","2,724",769,664,50,1,54,11.85%,Submitted
118,24-Mar,KOL 118,Instagram,MTL 1,"200,000",Package,363,279,36,17,11,1,7,9.92%,Submitted
119,21-Mar,KOL 119,Instagram,MTL 1,"200,000",Package,"21,927","20,543","1,710","1,500",19,105,86,7.80%,Submitted
120,29-Mar,KOL 120,Instagram,MTL 1,"200,000",Package,"11,300",612,704,609,25,3,67,6.23%,Submitted
121,15-Apr,KOL 121,Instagram,MTL 1,"200,000",Package,"1,741",,0,,,,,0.00%,Not Submitted
122,21-Mar,KOL 122,Instagram,MTL 1,"200,000",Package,533,323,32,28,4,0,0,6.00%,Submitted
123,28-Mar,KOL 123,Instagram,MTL 1,"200,000",Package,"1,408",121,517,502,10,3,2,36.72%,Submitted
124,17-Mar,KOL 124,Instagram,MTL 1,"200,000",Package,"2,869",282,224,153,30,15,26,7.81%,Submitted
125,18-Mar,KOL 125,Instagram,MTL 1,"200,000",Package,"13,100","6,212",755,453,51,0,251,5.76%,Submitted
126,24-Mar,KOL 126,Instagram,MTL 1,"200,000",Package,"15,700",147,248,179,64,4,1,1.58%,Submitted
127,20-Mar,KOL 127,Instagram,MTL 1,"200,000",Package,"13,600",231,24,16,8,0,0,0.18%,Submitted
128,18-Mar,KOL 128,Instagram,MTL 1,"200,000",Package,"10,200",217,590,531,23,17,19,5.78%,Submitted
129,21-Mar,KOL 129,Instagram,MTL 1,"200,000",Package,225,181,6,6,0,0,0,2.67%,Submitted
130,21-Mar,KOL 130,Instagram,MTL 1,"200,000",Package,"12,900",158,621,551,19,4,47,4.81%,Submitted
131,2-Apr,KOL 131,Instagram,MTL 1,"200,000",Package,"5,409",,0,,,,,0.00%,Not Submitted
132,30-Mar,KOL 132,Instagram,MTL 1,"200,000",Package,"2,299",65,654,549,38,2,65,28.45%,Submitted
133,25-Mar,KOL 133,Instagram,MTL 1,"200,000",Package,"6,762",84,213,120,18,2,73,3.15%,Submitted
134,22-Mar,KOL 134,Instagram,MTL 1,"200,000",Package,"10,800","1,673",990,951,37,1,1,9.17%,Submitted
135,20-Mar,KOL 135,Instagram,MTL 1,"200,000",Package,"6,447",262,"3,278",56,19,3,"3,200",50.85%,Submitted
136,19-Apr,KOL 136,Instagram,MTL 1,"200,000",Package,635,359,353,198,23,2,130,55.59%,Submitted
137,18-Mar,KOL 137,Instagram,MTL 1,"200,000",Package,"7,204",137,"1,081","1,000",50,0,31,15.01%,Submitted
138,28-Mar,KOL 138,Instagram,MTL 1,"200,000",Package,"6,351",895,662,637,23,2,0,10.42%,Submitted
139,23-Mar,KOL 139,Instagram,MTL 1,"200,000",Package,"9,474","10,488",259,74,35,6,144,2.73%,Submitted
140,20-Mar,KOL 140,Instagram,MTL 1,"200,000",Package,795,439,241,185,40,8,8,30.31%,Submitted
141,24-Mar,KOL 141,Instagram,MTL 1,"200,000",Package,710,521,53,26,26,0,1,7.46%,Submitted
142,24-Mar,KOL 142,Instagram,MTL 1,"200,000",Package,231,175,8,8,0,0,0,3.46%,Submitted
143,2-Apr,KOL 143,Instagram,MTL 1,"200,000",Package,"5,893",385,473,445,18,4,6,8.03%,Submitted
144,29-Mar,KOL 144,Instagram,MTL 1,"200,000",Package,"1,441",206,200,173,26,1,0,13.88%,Submitted
145,17-Mar,KOL 145,Instagram,MTL 1,"200,000",Package,260,165,121,115,5,1,0,46.54%,Submitted
146,31-Mar,KOL 146,Instagram,MTL 1,"200,000",Package,"12,100",84,"2,032",716,15,1,"1,300",16.79%,Submitted
147,12-Apr,KOL 147,Instagram,MTL 1,"200,000",Package,"6,059",,0,,,,,0.00%,Not Submitted
148,28-Apr,KOL 148,Instagram,MTL 1,"200,000",Package,117,,0,,,,,0.00%,Not Submitted
149,,KOL 149,Instagram,MTL 1,"200,000",Package,,,0,,,,,,Not Submitted
150,9-Apr,KOL 150,Instagram,MTL 1,"200,000",Package,448,308,114,52,62,0,0,25.45%,Submitted
151,25-Mar,KOL 151,Instagram,MTL 1,"200,000",Package,"3,057","3,479",306,88,63,0,155,10.01%,Submitted
152,14-Apr,KOL 152,Instagram,MTL 1,"200,000",Package,"1,025",488,41,38,2,0,1,4.00%,Submitted
153,19-Mar,KOL 153,Instagram,MTL 1,"200,000",Package,"1,381",56,211,55,24,132,0,15.28%,Submitted
154,22-Mar,KOL 154,Instagram,MTL 1,"200,000",Package,"1,080",621,424,238,21,139,26,39.26%,Submitted
155,18-Mar,KOL 155,Instagram,MTL 1,"200,000",Package,"2,595",333,225,31,17,177,0,8.67%,Submitted
156,21-Mar,KOL 156,Instagram,MTL 1,"200,000",Package,"1,341",958,30,19,6,4,1,2.24%,Submitted
157,,KOL 157,Instagram,MTL 1,"200,000",Package,239,,19,14,5,,0,7.95%,Not Submitted
158,30-Mar,KOL 158,Instagram,MTL 1,"200,000",Package,652,401,303,184,6,112,1,46.47%,Submitted
159,14-Apr,KOL 159,Instagram,MTL 1,"200,000",Package,"1,281",798,117,43,20,18,36,9.13%,Submitted
160,26-Mar,KOL 160,Instagram,MTL 1,"200,000",Package,"1,343",914,914,780,62,17,55,68.06%,Submitted
161,29-Mar,KOL 161,Instagram,MTL 1,"200,000",Package,"2,881",202,152,50,51,11,40,5.28%,Submitted
162,22-Mar,KOL 162,Instagram,MTL 1,"200,000",Package,"3,232",453,85,46,37,2,0,2.63%,Submitted
163,26-Mar,KOL 163,Instagram,MTL 1,"200,000",Package,746,537,8,8,0,0,0,1.07%,Submitted
164,,KOL 164,Instagram,MTL 1,"200,000",Package,"1,275",,210,54,24,,132,16.47%,Not Submitted
165,22-Mar,KOL 165,Instagram,MTL 1,"200,000",Package,"6,434",858,639,623,10,2,4,9.93%,Submitted
166,23-Mar,KOL 166,Instagram,MTL 1,"200,000",Package,"3,090",547,106,88,16,2,0,3.43%,Submitted
167,22-Mar,KOL 167,Instagram,MTL 1,"200,000",Package,486,292,39,22,17,0,0,8.02%,Submitted
168,19-Mar,KOL 168,Instagram,MTL 1,"200,000",Package,"1,727","1,114",898,783,110,2,3,52.00%,Submitted
169,18-Mar,KOL 169,Instagram,MTL 1,"200,000",Package,"1,947","1,002",151,71,68,12,0,7.76%,Submitted
170,30-Mar,KOL 170,Instagram,MTL 1,"200,000",Package,"1,136",607,25,24,0,1,0,2.20%,Submitted
171,3-Apr,KOL 171,Instagram,MTL 1,"200,000",Package,"1,757",898,64,63,1,0,0,3.64%,Submitted
172,23-Mar,KOL 172,Instagram,MTL 1,"200,000",Package,"6,526",649,8,8,0,0,0,0.12%,Submitted
173,9-Apr,KOL 173,Instagram,MTL 1,"200,000",Package,322,224,20,18,1,1,0,6.21%,Submitted
174,28-Mar,KOL 174,Instagram,MTL 1,"200,000",Package,"24,000","5,636",372,338,32,0,2,1.55%,Submitted
175,19-Mar,KOL 175,Instagram,MTL 1,"200,000",Package,"5,238","5,218",566,449,104,5,8,10.81%,Submitted
176,20-Mar,KOL 176,Instagram,MTL 1,"200,000",Package,"38,000",314,"4,585","4,473",55,5,52,12.07%,Submitted
177,23-Mar,KOL 177,Instagram,MTL 1,"200,000",Package,"5,324","3,159",51,48,3,0,0,0.96%,Submitted
178,6-Apr,KOL 178,Instagram,MTL 1,"200,000",Package,"15,549","10,087",841,719,22,96,4,5.41%,Submitted
179,23-Mar,KOL 179,Instagram,MTL 1,"200,000",Package,"5,766",448,641,560,31,21,29,11.12%,Submitted
180,24-Mar,KOL 180,Instagram,MTL 1,"200,000",Package,"1,626",102,94,83,8,2,1,5.78%,Submitted
181,25-Mar,KOL 181,Instagram,MTL 1,"200,000",Package,"23,600","5,962",526,518,8,0,0,2.23%,Submitted
182,4-Apr,KOL 182,Instagram,MTL 1,"200,000",Package,"10,300",,163,94,66,,3,1.58%,Not Submitted
183,16-Apr,KOL 183,Instagram,MTL 1,"200,000",Package,"9,707",,"1,953","1,886",67,,,20.12%,Not Submitted
184,15-Apr,KOL 184,Instagram,MTL 1,"200,000",Package,"30,500",,0,,,,,0.00%,Not Submitted
185,12-Apr,KOL 185,Instagram,MTL 1,"200,000",Package,"17,800",,0,,,,,0.00%,Not Submitted
186,3-Apr,KOL 186,Instagram,MTL 1,"200,000",Package,"26,100",,0,,,,,0.00%,Not Submitted
187,10-Apr,KOL 187,Instagram,MTL 1,"200,000",Package,"1,157",,0,,,,,0.00%,Not Submitted
188,24-Mar,KOL 188,Instagram,MTL 1,"200,000",Package,327,217,145,56,59,15,15,44.34%,Submitted
189,20-Mar,KOL 189,Instagram,MTL 1,"200,000",Package,"11,600",893,"1,190","1,000",31,27,132,10.26%,Submitted
190,23-Mar,KOL 190,Instagram,MTL 1,"200,000",Package,"2,411",503,123,62,58,1,2,5.10%,Submitted
191,23-Mar,KOL 191,Instagram,MTL 1,"200,000",Package,"6,912",212,419,358,61,0,0,6.06%,Submitted
192,23-March,KOL 192,Instagram,MTL 1,"200,000",Package,"7,141","1,194",541,507,23,1,10,7.58%,Submitted
193,24-Mar,KOL 193,Instagram,MTL 1,"200,000",Package,709,193,409,409,0,0,0,57.69%,Submitted
194,9-Apr,KOL 194,Instagram,MTL 1,"200,000",Package,"5,442",,0,,,,,0.00%,Not Submitted
195,2-May,KOL 195,Instagram,MTL 1,"200,000",Package,947,716,693,585,27,4,77,73.18%,Submitted
196,23-Mar,KOL 196,Instagram,MTL 1,"200,000",Package,"3,002","2,689",312,195,8,56,53,10.39%,Submitted
197,,KOL 197,Instagram,MTL 1,"200,000",Package,,,0,,,,,,Not Submitted
198,26-Mar,KOL 198,Instagram,MTL 1,"200,000",Package,685,546,530,463,58,3,6,77.37%,Submitted
199,28-Mar,KOL 199,Instagram,MTL 1,"200,000",Package,"7,210",337,530,525,5,0,0,7.35%,Submitted
200,,KOL 200,Instagram,MTL 1,"200,000",Package,,,0,,,,,,Not Submitted
201,20-Mar,KOL 201,Instagram,MTL 1,"200,000",Package,"4,795",121,225,214,11,0,0,4.69%,Submitted
202,25-Mar,KOL 202,Instagram,MTL 1,"200,000",Package,"8,665",873,445,335,18,2,90,5.14%,Submitted
203,,KOL 203,Instagram,MTL 1,"200,000",Package,,,0,,,,,,Not Submitted
204,,KOL 204,Instagram,MTL 1,"200,000",Package,,,0,,,,,,Not Submitted
205,3-May,KOL 205,Instagram,MTL 1,"200,000",Package,932,561,104,90,10,1,3,11.16%,Submitted
206,,KOL 206,Instagram,MTL 1,"200,000",Package,,,0,,,,,,Not Submitted
207,22-Mar,KOL 207,Instagram,MTL 1,"200,000",Package,869,757,44,18,22,4,0,5.06%,Submitted
208,20-Mar,KOL 208,Instagram,MTL 1,"200,000",Package,"2,070",80,100,100,0,0,0,4.83%,Submitted
209,8-Apr,KOL 209,Instagram,MTL 1,"200,000",Package,"1,434",686,"1,126","1,000",7,2,117,78.52%,Submitted
210,16-Apr,KOL 210,Instagram,MTL 1,"200,000",Package,"1,510",187,27,19,7,0,1,1.79%,Submitted
211,25-Mar,KOL 211,Instagram,MTL 1,"200,000",Package,"23,534","10,395","2,125","2,100",16,5,4,9.03%,Submitted
212,25-Mar,KOL 212,Instagram,MTL 1,"200,000",Package,"7,400",298,471,363,67,5,36,6.36%,Submitted
213,22-Apr,KOL 213,Instagram,MTL 1,"200,000",Package,247,,0,,,,,0.00%,Not Submitted
214,17-Apr,KOL 214,Instagram,MTL 1,"200,000",Package,"1,526",,0,,,,,0.00%,Not Submitted
215,25-Mar,KOL 215,Instagram,MTL 1,"200,000",Package,"2,181","1,266",295,220,14,21,40,13.53%,Submitted
216,26-Mar,KOL 216,Instagram,MTL 1,"200,000",Package,"25,200",194,648,514,9,21,104,2.57%,Submitted
217,3-Apr,KOL 217,Instagram,MTL 1,"200,000",Package,"15,600",,0,,,,,0.00%,Not Submitted
218,10-May,KOL 218,Instagram,MTL 1,"200,000",Package,"22,300",,0,,,,,0.00%,Not Submitted
219,21-Apr,KOL 219,Instagram,MTL 1,"200,000",Package,"8,316",,0,,,,,0.00%,Not Submitted
220,9-Apr,KOL 220,Instagram,MTL 1,"200,000",Package,"1,969","1,782",38,29,5,3,1,1.93%,Submitted
221,11-Apr,KOL 221,Instagram,MTL 1,"200,000",Package,"4,693",647,342,256,49,13,24,7.29%,Submitted
222,4-Apr,KOL 222,Instagram,MTL 1,"200,000",Package,"1,288",823,718,618,42,29,29,55.75%,Submitted
223,25-Apr,KOL 223,Instagram,MTL 1,"200,000",Package,590,"1,639","1,099",403,74,142,480,186.27%,Submitted
224,18-Mar,KOL 224,Instagram,MTL 1,"200,000",Package,"14,675",330,429,428,1,0,0,2.92%,Submitted
225,18-Mar,KOL 225,Instagram,MTL 1,"200,000",Package,654,441,166,158,8,0,0,25.38%,Submitted
226,,KOL 226,Instagram,MTL 1,"200,000",Package,,,0,,,,,,Not Submitted
227,5-Apr,KOL 227,Instagram,MTL 1,"200,000",Package,"9,620",,427,427,0,,0,4.44%,Not Submitted
228,5-Apr,KOL 228,Instagram,MTL 1,"200,000",Package,"10,700",389,16,15,0,1,0,0.15%,Submitted
229,26-Mar,KOL 229,Instagram,MTL 1,"200,000",Package,"5,899","2,055",9,7,1,1,0,0.15%,Submitted
230,21-Mar,KOL 230,Instagram,MTL 1,"200,000",Package,"3,035",660,301,273,20,2,6,9.92%,Submitted
231,28-Apr,KOL 231,Instagram,MTL 1,"200,000",Package,218,,0,,,,,0.00%,Not Submitted
232,3-Apr,KOL 232,Instagram,MTL 1,"200,000",Package,"73,700","34,386",248,230,14,3,1,0.34%,Submitted
233,31-Mar,KOL 233,Instagram,MTL 1,"200,000",Package,"3,153",213,148,120,16,4,8,4.69%,Submitted
234,31-Mar,KOL 234,Instagram,MTL 1,"200,000",Package,"5,792",164,582,495,39,38,10,10.05%,Submitted
235,28-Mar,KOL 235,Instagram,MTL 1,"200,000",Package,"6,806","4,816","3,322","3,300",14,5,3,48.81%,Submitted
236,20-Mar,KOL 236,Instagram,MTL 1,"200,000",Package,"13,800",159,203,203,0,0,0,1.47%,Submitted
237,4-Apr,KOL 237,Instagram,MTL 1,"200,000",Package,852,,0,,,,,0.00%,Not Submitted
238,6-May,KOL 238,Instagram,MTL 1,"200,000",Package,635,444,16,16,0,0,0,2.52%,Submitted
239,22-Mar,KOL 239,Instagram,MTL 1,"200,000",Package,"3,770",149,474,125,14,330,5,12.57%,Submitted
240,27-Mar,KOL 240,Instagram,MTL 1,"200,000",Package,"2,103","1,143","1,209",942,37,194,36,57.49%,Submitted
241,25-Mar,KOL 241,Instagram,MTL 1,"200,000",Package,"6,051","4,785",542,459,33,24,26,8.96%,Submitted
242,27-Mar,KOL 242,Instagram,MTL 1,"200,000",Package,"4,867","2,316",127,121,2,0,4,2.61%,Submitted
243,22-Mar,KOL 243,Instagram,MTL 1,"200,000",Package,"1,123",524,147,75,35,18,19,13.09%,Submitted
244,30-Mar,KOL 244,Instagram,MTL 1,"200,000",Package,"2,947",77,564,532,16,16,0,19.14%,Submitted
245,,KOL 245,Instagram,MTL 1,"200,000",Package,,,0,,,,,,Not Submitted
246,20-Apr,KOL 246,Instagram,MTL 1,"200,000",Package,"18,900",,0,,,,,0.00%,Not Submitted
247,21-Mar,KOL 247,Instagram,MTL 1,"200,000",Package,"3,416","2,637",320,54,12,251,3,9.37%,Submitted
248,31-Mar,KOL 248,Instagram,MTL 1,"200,000",Package,"3,831",296,43,17,8,18,0,1.12%,Submitted
249,26-Mar,KOL 249,Instagram,MTL 1,"200,000",Package,"2,533","1,284",176,175,1,0,0,6.95%,Submitted
250,24-Mar,KOL 250,Instagram,MTL 1,"200,000",Package,758,408,40,39,1,0,0,5.28%,Submitted
251,24-Mar,KOL 251,Instagram,MTL 1,"200,000",Package,439,270,20,15,4,0,1,4.56%,Submitted
252,23-Mar,KOL 252,Instagram,MTL 1,"200,000",Package,"2,318",202,266,223,20,11,12,11.48%,Submitted
253,28-Apr,KOL 253,Instagram,MTL 1,"200,000",Package,398,,0,,,,,0.00%,Not Submitted
254,1-May,KOL 254,Instagram,MTL 1,"200,000",Package,195,,0,,,,,0.00%,Not Submitted
255,1-Apr,KOL 255,Instagram,MTL 1,"200,000",Package,"20,300","3,136","2,804","2,600",162,40,2,13.81%,Submitted
256,26-Mar,KOL 256,Instagram,MTL 1,"200,000",Package,"8,391",291,28,18,8,1,1,0.33%,Submitted
257,26-Mar,KOL 257,Instagram,MTL 1,"200,000",Package,"1,090",613,920,313,55,11,541,84.40%,Submitted
258,15-May,KOL 258,Instagram,MTL 1,"200,000",Package,433,,0,,,,,0.00%,Not Submitted
259,,KOL 259,Instagram,MTL 1,"200,000",Package,"4,009","3,117",19,18,0,0,1,0.47%,Submitted
260,22-Mar,KOL 260,Instagram,MTL 1,"200,000",Package,"10,600",404,251,238,12,1,0,2.37%,Submitted
261,22-Mar,KOL 261,Instagram,MTL 1,"200,000",Package,"8,711",262,83,37,46,0,0,0.95%,Submitted
262,24-Apr,KOL 262,Instagram,MTL 1,"200,000",Package,"1,306",,0,,,,,0.00%,Not Submitted
263,27-Mar,KOL 263,Instagram,MTL 1,"200,000",Package,"1,365",872,"1,464","1,200",44,34,186,107.25%,Submitted
264,9-Apr,KOL 264,Instagram,MTL 1,"200,000",Package,"1,151",,0,,,,,0.00%,Not Submitted
265,27-Mar,KOL 265,Instagram,MTL 1,"200,000",Package,"19,700","10,312","5,687","2,200",86,1,"3,400",28.87%,Submitted
266,27-Mar,KOL 266,Instagram,MTL 1,"200,000",Package,"17,661",259,539,460,44,0,35,3.05%,Submitted
267,28-Mar,KOL 267,Instagram,MTL 1,"200,000",Package,"21,900",272,328,314,8,0,6,1.50%,Submitted
268,26-May,KOL 268,Instagram,MTL 1,"200,000",Package,279,,0,,,,,0.00%,Not Submitted
269,7-Apr,KOL 269,Instagram,MTL 1,"200,000",Package,"1,191",,0,,,,,0.00%,Not Submitted
270,7-Apr,KOL 270,Instagram,MTL 1,"200,000",Package,"1,428",,0,,,,,0.00%,Not Submitted
271,7-Apr,KOL 271,Instagram,MTL 1,"200,000",Package,,,0,,,,,,Not Submitted
272,29-Mar,KOL 272,Instagram,MTL 1,"200,000",Package,"6,664",600,611,557,18,18,18,9.17%,Submitted
273,2-Apr,KOL 273,Instagram,MTL 1,"200,000",Package,"1,151",626,514,353,39,36,86,44.66%,Submitted
274,17-Apr,KOL 274,Instagram,MTL 2,"200,000",Package,"12,000","5,394",832,651,15,3,163,6.93%,Submitted
275,13-Apr,KOL 275,Instagram,MTL 1,"200,000",Package,"4,750","2,291",352,330,18,2,2,7.41%,Submitted
276,30-Mar,KOL 276,Instagram,MTL 1,"200,000",Package,"15,500","2,313",329,221,6,50,52,2.12%,Submitted
277,6-Apr,KOL 277,Instagram,MTL 2,"200,000",Package,"6,505",344,892,338,48,33,473,13.71%,Submitted
278,,KOL 278,Instagram,MTL 1,"200,000",Package,,,0,,,,,,Not Submitted
279,30-Apr,KOL 279,Instagram,MTL 1,"200,000",Package,845,551,18,14,4,0,0,2.13%,Submitted
280,14-Apr,KOL 280,Instagram,MTL 1,"200,000",Package,"10,400",,0,,,,,0.00%,Not Submitted
281,14-Apr,KOL 281,Instagram,MTL 1,"200,000",Package,327,,0,,,,,0.00%,Not Submitted
282,8-Apr,KOL 282,Instagram,MTL 1,"200,000",Package,"18,800",,0,,,,,0.00%,Not Submitted
283,15-Apr,KOL 283,Instagram,MTL 1,"200,000",Package,"10,200",,0,,,,,0.00%,Not Submitted
284,7-Apr,KOL 284,Instagram,MTL 1,"200,000",Package,"1,626",,0,,,,,0.00%,Not Submitted
285,7-Apr,KOL 285,Instagram,MTL 1,"200,000",Package,"1,236",,0,,,,,0.00%,Not Submitted
286,5-Apr,KOL 286,Instagram,MTL 1,"200,000",Package,"1,019",,0,,,,,0.00%,Not Submitted
287,9-Apr,KOL 287,Instagram,MTL 1,"200,000",Package,"7,780",,0,,,,,0.00%,Not Submitted
288,20-Apr,KOL 288,Instagram,MTL 1,"200,000",Package,319,,0,,,,,0.00%,Not Submitted
289,3-May,KOL 289,Instagram,MTL 1,"200,000",Package,"25,833",499,"2,186","2,100",42,5,39,8.46%,Submitted
290,23-Apr,KOL 290,Instagram,MTL 1,"200,000",Package,811,503,55,38,14,2,1,6.78%,Submitted
291,24-Apr,KOL 291,Instagram,MTL 1,"200,000",Package,310,236,28,20,8,0,0,9.03%,Submitted
292,9-Apr,KOL 292,Instagram,MTL 1,"200,000",Package,"1,142",926,46,29,16,0,1,4.03%,Submitted
293,7-Apr,KOL 293,Instagram,MTL 1,"200,000",Package,"1,699","1,247",129,113,16,0,0,7.59%,Submitted
294,25-Mar,KOL 294,Instagram,MTL 1,"200,000",Package,"2,069","1,306",240,207,32,0,1,11.60%,Submitted
295,21-Apr,KOL 295,Instagram,MTL 1,"200,000",Package,"2,033",494,604,599,0,5,0,29.71%,Submitted
296,30-Mar,KOL 296,Instagram,MTL 1,"200,000",Package,"13,300",657,"1,349",24,330,990,5,10.14%,Submitted
297,9-May,KOL 297,Instagram,MTL 1,"200,000",Package,566,407,136,74,59,3,0,24.03%,Submitted
298,8-Apr,KOL 298,Instagram,MTL 1,"200,000",Package,"4,135",428,"1,036","1,000",29,1,6,25.05%,Submitted
299,1-Apr,KOL 299,Instagram,MTL 1,"200,000",Package,"2,598","1,862",149,62,26,50,11,5.74%,Submitted
300,7-Apr,KOL 300,Instagram,MTL 1,"200,000",Package,420,329,65,61,4,0,0,15.48%,Submitted
301,10-Apr,KOL 301,Instagram,MTL 1,"200,000",Package,551,330,31,24,6,1,0,5.63%,Submitted
302,4-Apr,KOL 302,Instagram,MTL 1,"200,000",Package,"2,678","1,582",422,264,37,51,70,15.76%,Submitted
303,13-May,KOL 303,Instagram,MTL 1,"200,000",Package,"7,534","5,538",219,208,6,5,0,2.91%,Submitted
304,4-Apr,KOL 304,Instagram,MTL 1,"200,000",Package,"9,020",703,30,22,2,0,6,0.33%,Submitted
305,8-Apr,KOL 305,Instagram,MTL 1,"200,000",Package,"11,300",238,671,630,23,2,16,5.94%,Submitted
306,5-May,KOL 306,Instagram,MTL 1,"200,000",Package,"1,333",690,145,87,44,3,11,10.88%,Submitted
307,12-Apr,KOL 307,Instagram,MTL 1,"200,000",Package,"1,630","1,232",100,83,13,0,4,6.13%,Submitted
308,8-Apr,KOL 308,Instagram,MTL 1,"200,000",Package,"4,026",,0,,,,,0.00%,Not Submitted
309,8-Apr,KOL 309,Instagram,MTL 1,"200,000",Package,"40,200",,0,,,,,0.00%,Not Submitted
310,8-Apr,KOL 310,Instagram,MTL 1,"200,000",Package,"7,944",,0,,,,,0.00%,Not Submitted
311,26-Mar,KOL 311,Instagram,MTL 1,"200,000",Package,"1,252","1,022",604,531,38,26,9,48.24%,Submitted
312,31-Mar,KOL 312,Instagram,MTL 1,"200,000",Package,"1,417",264,"1,267","1,000",4,236,27,89.41%,Submitted
313,13-Apr,KOL 313,Instagram,MTL 1,"200,000",Package,230,179,66,35,31,0,0,28.70%,Submitted
314,25-Mar,KOL 314,Instagram,MTL 1,"200,000",Package,582,348,21,19,2,0,0,3.61%,Submitted
315,14-Apr,KOL 315,Instagram,MTL 1,"200,000",Package,"2,033",187,30,30,0,0,0,1.48%,Submitted
316,5-Apr,KOL 316,Instagram,MTL 1,"200,000",Package,"1,762",876,37,37,0,0,0,2.10%,Submitted
317,,KOL 317,Instagram,MTL 1,"200,000",Package,"12,037","5,394",832,651,15,3,163,6.91%,Submitted
318,8-Apr,KOL 318,Instagram,MTL 1,"200,000",Package,"8,427","4,142",500,413,50,37,0,5.93%,Submitted
319,1-Apr,KOL 319,Instagram,MTL 1,"200,000",Package,"4,139",476,248,206,35,3,4,5.99%,Submitted
320,30-Apr,KOL 320,Instagram,MTL 1,"200,000",Package,"14,021",548,871,456,6,2,407,6.21%,Submitted
321,26-Mar,KOL 321,Instagram,MTL 1,"200,000",Package,"17,951","16,181",801,761,24,9,7,4.46%,Submitted
322,7-Apr,KOL 322,Instagram,MTL 1,"200,000",Package,"7,754","1,378","2,876",535,25,16,"2,300",37.09%,Submitted
323,16-Apr,KOL 323,Instagram,MTL 1,"200,000",Package,"1,262",627,60,53,5,1,1,4.75%,Submitted
324,,KOL 324,Instagram,MTL 1,"200,000",Package,,,0,,,,,,Not Submitted
325,4-Apr,KOL 325,Instagram,MTL 1,"200,000",Package,"2,340",,0,,,,,0.00%,Not Submitted
326,22-Apr,KOL 326,Instagram,MTL 1,"200,000",Package,338,,0,,,,,0.00%,Not Submitted
327,17-Apr,KOL 327,Instagram,MTL 1,"200,000",Package,"20,400",,0,,,,,0.00%,Not Submitted
328,6-Apr,KOL 328,Instagram,MTL 1,"200,000",Package,"4,212",,0,,,,,0.00%,Not Submitted
329,20-Apr,KOL 329,Instagram,MTL 1,"200,000",Package,"22,000",,0,,,,,0.00%,Not Submitted
330,6-Apr,KOL 330,Instagram,MTL 1,"200,000",Package,"29,300","1,347","1,223",917,98,54,154,4.17%,Submitted
331,31-Mar,KOL 331,Instagram,MTL 1,"200,000",Package,563,346,13,12,0,0,1,2.31%,Submitted
332,29-Mar,KOL 332,Instagram,MTL 1,"200,000",Package,"14,500","9,555","1,545","1,500",42,0,3,10.66%,Submitted
333,31-Mar,KOL 333,Instagram,MTL 1,"200,000",Package,"1,614",861,929,850,38,19,22,57.56%,Submitted
334,10-May,KOL 334,Instagram,MTL 1,"200,000",Package,353,235,15,15,0,0,0,4.25%,Submitted
335,2-Apr,KOL 335,Instagram,MTL 1,"200,000",Package,574,375,308,270,22,13,3,53.66%,Submitted
336,3-Apr,KOL 336,Instagram,MTL 1,"200,000",Package,"3,373",303,727,317,36,4,370,21.55%,Submitted
337,5-Apr,KOL 337,Instagram,MTL 1,"200,000",Package,"19,000","5,604","1,173",891,2,33,247,6.17%,Submitted
338,1-Apr,KOL 338,Instagram,MTL 1,"200,000",Package,"1,115",634,394,328,23,22,21,35.34%,Submitted
339,23-Apr,KOL 339,Instagram,MTL 1,"200,000",Package,"1,690","1,126","1,259",878,33,4,344,74.50%,Submitted
340,29-Mar,KOL 340,Instagram,MTL 1,"200,000",Package,"21,031",492,690,687,2,1,0,3.28%,Submitted
341,3-Apr,KOL 341,Instagram,MTL 1,"200,000",Package,"11,100",,0,,,,,0.00%,Not Submitted
342,11-Apr,KOL 342,Instagram,MTL 1,"200,000",Package,"2,544",285,108,103,1,4,0,4.25%,Submitted
343,26-Apr,KOL 343,Instagram,MTL 1,"200,000",Package,388,309,12,11,0,1,0,3.09%,Submitted
344,31-Mar,KOL 344,Instagram,MTL 1,"200,000",Package,"1,502",834,69,39,20,5,5,4.59%,Submitted
345,,KOL 345,Instagram,MTL 1,"200,000",Package,,,0,,,,,,Not Submitted
346,24-Apr,KOL 346,Instagram,MTL 2,"200,000",Package,"8,748","8,535",238,225,8,1,4,2.72%,Submitted
347,6-May,KOL 347,Instagram,MTL 1,"200,000",Package,"43,276","30,869","3,144","2,400",46,307,391,7.26%,Submitted
348,29-Mar,KOL 348,Instagram,MTL 1,"200,000",Package,54,36,1,1,0,0,0,1.85%,Submitted
349,25-Apr,KOL 349,Instagram,MTL 1,"200,000",Package,"13,000",,0,,,,,0.00%,Not Submitted
350,15-Apr,KOL 350,Instagram,MTL 1,"200,000",Package,261,,0,,,,,0.00%,Not Submitted
351,1-Apr,KOL 351,Instagram,MTL 1,"200,000",Package,"10,657",353,170,168,0,1,1,1.60%,Submitted
352,27-Mar,KOL 352,Instagram,MTL 1,"200,000",Package,"6,147",328,167,137,21,7,2,2.72%,Submitted
353,8-Apr,KOL 353,Instagram,MTL 1,"200,000",Package,373,,0,,,,,0.00%,Not Submitted
354,8-Apr,KOL 354,Instagram,MTL 1,"200,000",Package,118,,0,,,,,0.00%,Not Submitted
355,22-Apr,KOL 355,Instagram,MTL 1,"200,000",Package,571,,0,,,,,0.00%,Not Submitted
356,6-Apr,KOL 356,Instagram,MTL 1,"200,000",Package,924,607,59,32,21,3,3,6.39%,Submitted
357,31-Mar,KOL 357,Instagram,MTL 1,"200,000",Package,"1,527",314,138,108,22,3,5,9.04%,Submitted
358,,KOL 358,Instagram,MTL 1,"200,000",Package,"24,727",493,"2,380","1,700",18,447,215,9.63%,Submitted
359,2-Apr,KOL 359,Instagram,MTL 1,"200,000",Package,"6,405","6,929",111,75,33,1,2,1.73%,Submitted
360,4-May,KOL 360,Instagram,MTL 1,"200,000",Package,"1,476",371,159,148,11,0,0,10.77%,Submitted
361,7-Apr,KOL 361,Instagram,MTL 1,"200,000",Package,"4,655",923,794,708,4,1,81,17.06%,Submitted
362,17-Apr,KOL 362,Instagram,MTL 1,"200,000",Package,"1,348",,0,,,,,0.00%,Not Submitted
363,13-Apr,KOL 363,Instagram,MTL 1,"200,000",Package,"4,123","1,343",137,127,6,4,0,3.32%,Submitted
364,,KOL 364,Instagram,MTL 1,"200,000",Package,,,0,,,,,,Not Submitted
365,25-Apr,KOL 365,Instagram,MTL 1,"200,000",Package,653,904,35,27,2,0,6,5.36%,Submitted
366,10-Apr,KOL 366,Instagram,MTL 1,"200,000",Package,635,403,31,23,4,0,4,4.88%,Submitted
367,27-Apr,KOL 367,Instagram,MTL 1,"200,000",Package,"1,431",769,194,63,14,0,117,13.56%,Submitted
368,15-Apr,KOL 368,Instagram,MTL 1,"200,000",Package,"1,084",,0,,,,,0.00%,Not Submitted
369,15-Apr,KOL 369,Instagram,MTL 1,"200,000",Package,"17,600",,0,,,,,0.00%,Not Submitted
370,15-Apr,KOL 370,Instagram,MTL 1,"200,000",Package,"12,500",,0,,,,,0.00%,Not Submitted
371,17-Apr,KOL 371,Instagram,MTL 1,"200,000",Package,"13,200",,0,,,,,0.00%,Not Submitted
372,,KOL 372,Instagram,MTL 1,"200,000",Package,"2,511","1,990",23,22,0,0,1,0.92%,Submitted
373,10-Apr,KOL 373,Instagram,MTL 1,"200,000",Package,"7,568",425,39,37,2,0,0,0.52%,Submitted
374,9-May,KOL 374,Instagram,MTL 1,"200,000",Package,"1,102",550,39,38,1,0,0,3.54%,Submitted
375,26-Apr,KOL 375,Instagram,MTL 1,"200,000",Package,"10,400",385,29,23,6,0,0,0.28%,Submitted
376,1-May,KOL 376,Instagram,MTL 1,"200,000",Package,302,236,151,39,2,14,96,50.00%,Submitted
377,16-Apr,KOL 377,Instagram,MTL 1,"200,000",Package,"2,402","1,280",486,419,61,5,1,20.23%,Submitted
378,,KOL 378,Instagram,MTL 1,"200,000",Package,,,0,,,,,,Not Submitted
379,13-Apr,KOL 379,Instagram,MTL 1,"200,000",Package,147,,0,,,,,0.00%,Not Submitted
380,21-Apr,KOL 380,Instagram,MTL 1,"200,000",Package,437,,0,,,,,0.00%,Not Submitted
381,10-Apr,KOL 381,Instagram,MTL 1,"200,000",Package,"1,215",,0,,,,,0.00%,Not Submitted
382,8-Apr,KOL 382,Instagram,MTL 1,"200,000",Package,"6,003",,0,,,,,0.00%,Not Submitted
383,24-Apr,KOL 383,Instagram,MTL 1,"200,000",Package,"1,318",,0,,,,,0.00%,Not Submitted
384,17-May,KOL 384,Instagram,MTL 1,"200,000",Package,550,,0,,,,,0.00%,Not Submitted
385,13-May,KOL 385,Instagram,MTL 1,"200,000",Package,377,302,116,23,34,5,54,30.77%,Submitted
386,26-Apr,KOL 386,Instagram,MTL 1,"200,000",Package,"3,165","1,316","1,157","1,100",31,15,11,36.56%,Submitted
387,15-Apr,KOL 387,Instagram,MTL 1,"200,000",Package,"11,200",,0,,,,,0.00%,Not Submitted
388,21-Apr,KOL 388,Instagram,MTL 1,"200,000",Package,"6,302",,0,,,,,0.00%,Not Submitted
389,8-May,KOL 389,Instagram,MTL 1,"200,000",Package,"1,237",,0,,,,,0.00%,Not Submitted
390,18-Apr,KOL 390,Instagram,MTL 1,"200,000",Package,"21,900",,0,,,,,0.00%,Not Submitted
391,20-Apr,KOL 391,Instagram,MTL 1,"200,000",Package,"14,400",,0,,,,,0.00%,Not Submitted
392,10-Apr,KOL 392,Instagram,MTL 1,"200,000",Package,"2,375",,0,,,,,0.00%,Not Submitted
393,14-Apr,KOL 393,Instagram,MTL 1,"200,000",Package,336,,0,,,,,0.00%,Not Submitted
394,21-Apr,KOL 394,Instagram,MTL 1,"200,000",Package,"1,058",751,502,387,15,1,99,47.45%,Submitted
395,11-Apr,KOL 395,Instagram,MTL 1,"200,000",Package,372,210,31,18,11,2,0,8.33%,Submitted
396,17-Apr,KOL 396,Instagram,MTL 1,"200,000",Package,"1,175",,0,,,,,0.00%,Not Submitted
397,11-Apr,KOL 397,Instagram,MTL 1,"200,000",Package,176,,0,,,,,0.00%,Not Submitted
398,23-Apr,KOL 398,Instagram,MTL 1,"200,000",Package,476,,0,,,,,0.00%,Not Submitted
399,29-Apr,KOL 399,Instagram,MTL 1,"200,000",Package,"2,319",,0,,,,,0.00%,Not Submitted
400,4-May,KOL 400,Instagram,MTL 1,"200,000",Package,"6,541",,0,,,,,0.00%,Not Submitted
401,28-Apr,KOL 401,Instagram,MTL 1,"200,000",Package,662,,0,,,,,0.00%,Not Submitted
402,20-Apr,KOL 402,Instagram,MTL 1,"200,000",Package,"2,961",,0,,,,,0.00%,Not Submitted
403,15-Apr,KOL 403,Instagram,MTL 1,"200,000",Package,"9,367",,0,,,,,0.00%,Not Submitted
404,25-Apr,KOL 404,Instagram,MTL 1,"200,000",Package,624,,0,,,,,0.00%,Not Submitted
405,19-Apr,KOL 405,Instagram,MTL 1,"200,000",Package,"7,091",,0,,,,,0.00%,Not Submitted
406,13-Apr,KOL 406,Instagram,MTL 1,"200,000",Package,317,216,122,25,6,2,89,38.49%,Submitted
407,1-May,KOL 407,Instagram,MTL 1,"200,000",Package,"1,726",360,31,21,10,0,0,1.80%,Submitted
408,11-Apr,KOL 408,Instagram,MTL 2,"200,000",Package,426,200,7,7,0,0,0,1.64%,Submitted
409,18-Apr,KOL 409,Instagram,MTL 1,"200,000",Package,901,,0,,,,,0.00%,Not Submitted
410,20-Apr,KOL 410,Instagram,MTL 1,"200,000",Package,"10,300",,0,,,,,0.00%,Not Submitted
411,26-Apr,KOL 411,Instagram,MTL 1,"200,000",Package,468,,0,,,,,0.00%,Not Submitted
412,26-Apr,KOL 412,Instagram,MTL 1,"200,000",Package,54,,0,,,,,0.00%,Not Submitted
413,,KOL 413,Instagram,MTL 1,"200,000",Package,,,0,,,,,,Not Submitted
414,28-May,KOL 414,Instagram,MTL 1,"200,000",Package,534,,0,,,,,0.00%,Not Submitted
415,24-Apr,KOL 415,Instagram,MTL 1,"200,000",Package,"1,402",,0,,,,,0.00%,Not Submitted
416,18-May,KOL 416,Instagram,MTL 1,"200,000",Package,"5,493",,0,,,,,0.00%,Not Submitted
417,12-Apr,KOL 417,Instagram,MTL 1,"200,000",Package,"1,754",220,117,115,0,1,1,6.67%,Submitted
418,8-Apr,KOL 418,Instagram,MTL 1,"200,000",Package,456,305,182,129,52,1,0,39.91%,Submitted
419,6-May,KOL 419,Instagram,MTL 1,"200,000",Package,"2,037","1,141","1,101","1,000",30,32,39,54.05%,Submitted
420,26-Apr,KOL 420,Instagram,MTL 1,"200,000",Package,93,,0,,,,,0.00%,Not Submitted
421,30-Apr,KOL 421,Instagram,MTL 1,"200,000",Package,"1,636",,0,,,,,0.00%,Not Submitted
422,25-Apr,KOL 422,Instagram,MTL 1,"200,000",Package,189,,0,,,,,0.00%,Not Submitted
423,12-May,KOL 423,Instagram,MTL 1,"200,000",Package,478,,0,,,,,0.00%,Not Submitted
424,12-Apr,KOL 424,Instagram,MTL 1,"200,000",Package,"16,200",454,"1,339","1,300",30,4,5,8.27%,Submitted
425,12-Apr,KOL 425,Instagram,MTL 1,"200,000",Package,"2,661",826,592,572,12,4,4,22.25%,Submitted
426,5-May,KOL 426,Instagram,MTL 1,"200,000",Package,"18,500",,0,,,,,0.00%,Not Submitted
427,8-May,KOL 427,Instagram,MTL 1,"200,000",Package,409,,0,,,,,0.00%,Not Submitted
428,28-Apr,KOL 428,Instagram,MTL 1,"200,000",Package,185,,0,,,,,0.00%,Not Submitted
429,2-May,KOL 429,Instagram,MTL 1,"200,000",Package,"1,310",114,101,101,0,0,0,7.71%,Submitted
430,,KOL 430,Instagram,MTL 1,"200,000",Package,,,0,,,,,,Not Submitted
431,,KOL 431,Instagram,MTL 1,"200,000",Package,,,0,,,,,,Not Submitted
432,25-Apr,KOL 432,Instagram,MTL 1,"200,000",Package,"41,134",,"1,262",25,21,16,"1,200",3.07%,Submitted
433,30-Apr,KOL 433,Instagram,MTL 1,"200,000",Package,"5,633","1,714","11,550","11,000",78,23,449,205.04%,Submitted
434,,KOL 434,Instagram,MTL 1,"200,000",Package,,,0,,,,,,Not Submitted
435,3-May,KOL 435,Instagram,MTL 1,"200,000",Package,"5,791",826,236,48,14,0,174,4.08%,Submitted
436,,KOL 436,Instagram,MTL 1,"200,000",Package,,,0,,,,,,Not Submitted
437,,KOL 437,Instagram,MTL 1,"200,000",Package,,,0,,,,,,Not Submitted
438,24-Apr,KOL 438,Instagram,MTL 1,"200,000",Package,"11,700",,0,,,,,0.00%,Not Submitted
439,29-Apr,KOL 439,Instagram,MTL 1,"200,000",Package,"15,500",,0,,,,,0.00%,Not Submitted
440,26-Apr,KOL 440,Instagram,MTL 1,"200,000",Package,"15,600",,0,,,,,0.00%,Not Submitted
441,1-May,KOL 441,Instagram,MTL 1,"200,000",Package,"1,607",,0,,,,,0.00%,Not Submitted
442,25-Apr,KOL 442,Instagram,MTL 1,"200,000",Package,"30,400",,0,,,,,0.00%,Not Submitted
443,23-Mar,KOL 443,Instagram,MTL 1,"200,000",Package,"3,747",698,923,547,40,0,336,24.63%,Submitted
444,5-May,KOL 444,Instagram,MTL 1,"200,000",Package,"6,104","3,941","1,109",63,46,0,"1,000",18.17%,Submitted
445,23-Apr,KOL 445,Instagram,MTL 1,"200,000",Package,"6,285",,61,56,3,0,2,0.97%,Submitted
446,6-May,KOL 446,Instagram,MTL 1,"200,000",Package,"3,473",215,145,145,0,0,0,4.18%,Submitted
447,23-Apr,KOL 447,Instagram,MTL 1,"200,000",Package,"1,283",835,636,611,19,3,3,49.57%,Submitted
448,24-Mar,KOL 448,Instagram,MTL 1,"200,000",Package,228,121,11,11,0,0,0,4.82%,Submitted
449,29-Apr,KOL 449,Instagram,MTL 1,"200,000",Package,139,95,72,9,2,0,61,51.80%,Submitted
450,26-Apr,KOL 450,Instagram,MTL 1,"200,000",Package,"5,413","4,995",26,22,2,1,1,0.48%,Submitted
451,26-Apr,KOL 451,Instagram,MTL 1,"200,000",Package,"5,656",295,443,148,3,2,290,7.83%,Submitted
452,22-Apr,KOL 452,Instagram,MTL 1,"200,000",Package,"11,432",573,602,570,32,0,0,5.27%,Submitted
453,22-Apr,KOL 453,Instagram,MTL 1,"200,000",Package,"5,012",306,79,45,34,0,0,1.58%,Submitted
454,24-Apr,KOL 454,Instagram,MTL 1,"200,000",Package,"9,622",165,735,423,88,112,112,7.64%,Submitted
455,23-Apr,KOL 455,Instagram,MTL 1,"200,000",Package,"2,629","1,370","1,308","1,200",72,11,25,49.75%,Submitted
456,22-Apr,KOL 456,Instagram,MTL 1,"200,000",Package,"5,442",220,151,52,58,41,0,2.77%,Submitted
457,24-Apr,KOL 457,Instagram,MTL 1,"200,000",Package,"5,177","1,943","1,959","1,800",63,31,65,37.84%,Submitted
458,23-Apr,KOL 458,Instagram,MTL 1,"200,000",Package,609,374,369,44,36,0,289,60.59%,Submitted
459,22-Apr,KOL 459,Instagram,MTL 1,"200,000",Package,362,182,20,17,1,0,2,5.52%,Submitted
460,,KOL 460,Instagram,MTL 1,"200,000",Package,,,0,,,,,,Not Submitted
461,25-Apr,KOL 461,Instagram,MTL 1,"200,000",Package,"2,196","1,547",579,66,42,0,471,26.37%,Submitted
462,,KOL 462,Instagram,MTL 1,"200,000",Package,,,0,,,,,,Not Submitted
463,25-Apr,KOL 463,Instagram,MTL 1,"200,000",Package,"5,697",687,465,372,65,4,24,8.16%,Submitted
464,27-Apr,KOL 464,Instagram,MTL 1,"200,000",Package,"11,754",544,396,366,16,11,3,3.37%,Submitted
465,,KOL 465,Instagram,MTL 1,"200,000",Package,,,0,,,,,,Not Submitted
466,30-Apr,KOL 466,Instagram,MTL 1,"200,000",Package,"10,714",337,"1,676","1,100",35,0,541,15.64%,Submitted
467,1-May,KOL 467,Instagram,MTL 1,"200,000",Package,"5,637","1,320",481,367,66,4,44,8.53%,Submitted
468,5-May,KOL 468,Instagram,MTL 1,"200,000",Package,"27,053",270,"1,075",545,48,3,479,3.97%,Submitted
469,5-May,KOL 469,Instagram,MTL 1,"200,000",Package,"137,752","3,444","3,295","3,000",49,0,246,2.39%,Submitted
470,27-Apr,KOL 470,Instagram,MTL 1,"200,000",Package,"17,882","11,371","1,017","1,000",2,0,15,5.69%,Submitted
471,26-Apr,KOL 471,Instagram,MTL 1,"200,000",Package,"10,665","6,374","1,353","1,200",153,0,0,12.69%,Submitted
472,,KOL 472,Instagram,MTL 1,"200,000",Package,,,0,,,,,,Not Submitted
473,26-Apr,KOL 473,Instagram,MTL 1,"200,000",Package,"10,685",220,"1,184","1,000",25,3,156,11.08%,Submitted
474,7-May,KOL 474,Instagram,MTL 1,"200,000",Package,"18,507","5,539","1,419","1,200",14,112,93,7.67%,Submitted
475,29-Apr,KOL 475,Instagram,MTL 1,"200,000",Package,903,,0,,,,,0.00%,Not Submitted
476,25-Apr,KOL 476,Instagram,MTL 1,"200,000",Package,268,,0,,,,,0.00%,Not Submitted
477,,KOL 477,Instagram,MTL 1,"200,000",Package,,,0,,,,,,Not Submitted
478,,KOL 478,Instagram,MTL 1,"200,000",Package,,,0,,,,,,Not Submitted
479,,KOL 479,Instagram,MTL 1,"200,000",Package,,,0,,,,,,Not Submitted
480,,KOL 480,Instagram,MTL 1,"200,000",Package,,,0,,,,,,Not Submitted
481,,KOL 481,Instagram,MTL 1,"200,000",Package,,,0,,,,,,Not Submitted
482,,KOL 482,Instagram,MTL 1,"200,000",Package,,,0,,,,,,Not Submitted
483,14-Jun,KOL 483,Instagram,MTL 1,"200,000",Package,"8,501",,0,,,,,0.00%,Not Submitted
484,18-Apr,KOL 484,Instagram,MTL 1,"200,000",Package,"1,395",714,142,87,51,2,2,10.18%,Submitted
485,25-Apr,KOL 485,Instagram,MTL 1,"200,000",Package,"1,330",823,8,8,0,0,0,0.60%,Submitted
486,29-Apr,KOL 486,Instagram,MTL 1,"200,000",Package,"1,051",690,23,22,1,0,0,2.19%,Submitted
487,25-Apr,KOL 487,Instagram,MTL 1,"200,000",Package,241,204,119,17,17,1,84,49.38%,Submitted
488,24-Apr,KOL 488,Instagram,MTL 1,"200,000",Package,"21,352",361,707,690,13,2,2,3.31%,Submitted
489,25-Apr,KOL 489,Instagram,MTL 1,"200,000",Package,"5,801","1,033",343,339,4,0,0,5.91%,Submitted
490,30-Apr,KOL 490,Instagram,MTL 1,"200,000",Package,"10,513",354,459,119,59,28,253,4.37%,Submitted
491,10-Apr,KOL 491,Instagram,MTL 1,"200,000",Package,"8,306",,0,,,,,0.00%,Not Submitted
492,9-Apr,KOL 492,Instagram,MTL 1,"200,000",Package,"2,721",,0,,,,,0.00%,Not Submitted
493,,KOL 493,Instagram,MTL 1,"200,000",Package,,,0,,,,,,Not Submitted
494,27-Mar,KOL 494,Instagram,MTL 1,"200,000",Package,158,83,46,30,6,9,1,29.11%,Submitted
495,3-May,KOL 495,Instagram,MTL 1,"200,000",Package,"7,852",,0,,,,,0.00%,Not Submitted
496,13-May,KOL 496,Instagram,MTL 1,"200,000",Package,107,,0,,,,,0.00%,Not Submitted
497,29-Apr,KOL 497,Instagram,MTL 1,"200,000",Package,371,,0,,,,,0.00%,Not Submitted
498,7-May,KOL 498,Instagram,MTL 1,"200,000",Package,180,,0,,,,,0.00%,Not Submitted
499,12-Apr,KOL 499,Instagram,MTL 1,"200,000",Package,"1,564",733,40,39,1,0,0,2.56%,Submitted
500,18-May,KOL 500,Instagram,MTL 1,"200,000",Package,734,,0,,,,,0.00%,Not Submitted
501,9-Apr,KOL 501,Instagram,MTL 1,"200,000",Package,890,,0,,,,,0.00%,Not Submitted
502,22-Apr,KOL 502,Instagram,MTL 1,"200,000",Package,569,,0,,,,,0.00%,Not Submitted
503,28-Apr,KOL 503,Instagram,MTL 1,"200,000",Package,307,,0,,,,,0.00%,Not Submitted
504,25-Apr,KOL 504,Instagram,MTL 1,"200,000",Package,726,,0,,,,,0.00%,Not Submitted
505,25-Apr,KOL 505,Instagram,MTL 1,"200,000",Package,"5,861",,0,,,,,0.00%,Not Submitted
506,28-Apr,KOL 506,Instagram,MTL 1,"200,000",Package,61,,0,,,,,0.00%,Not Submitted
507,26-Apr,KOL 507,Instagram,MTL 1,"200,000",Package,"7,806",,0,,,,,0.00%,Not Submitted
508,24-Apr,KOL 508,Instagram,MTL 1,"200,000",Package,"136,000",,0,,,,,0.00%,Not Submitted
509,3-May,KOL 509,Instagram,MTL 1,"200,000",Package,746,,0,,,,,0.00%,Not Submitted
510,28-Apr,KOL 510,Instagram,MTL 1,"200,000",Package,647,,0,,,,,0.00%,Not Submitted
511,26-Apr,KOL 511,Instagram,MTL 1,"200,000",Package,"4,438",,0,,,,,0.00%,Not Submitted
512,25-Apr,KOL 512,Instagram,MTL 1,"200,000",Package,"6,353",,0,,,,,0.00%,Not Submitted
513,4-May,KOL 513,Instagram,MTL 1,"200,000",Package,551,,0,,,,,0.00%,Not Submitted
514,28-Apr,KOL 514,Instagram,MTL 1,"200,000",Package,399,,0,,,,,0.00%,Not Submitted
515,28-Apr,KOL 515,Instagram,MTL 1,"200,000",Package,"7,685",,0,,,,,0.00%,Not Submitted
516,28-Apr,KOL 516,Instagram,MTL 1,"200,000",Package,"11,800",,0,,,,,0.00%,Not Submitted
517,25-Apr,KOL 517,Instagram,MTL 1,"200,000",Package,183,,0,,,,,0.00%,Not Submitted
518,25-Apr,KOL 518,Instagram,MTL 1,"200,000",Package,"1,817",,0,,,,,0.00%,Not Submitted
519,24-Apr,KOL 519,Instagram,MTL 1,"200,000",Package,597,,0,,,,,0.00%,Not Submitted
520,,KOL 520,Instagram,MTL 1,"200,000",Package,,,0,,,,,,Not Submitted
521,27-Apr,KOL 521,Instagram,MTL 1,"200,000",Package,465,306,30,25,3,2,0,6.45%,Submitted
522,11-May,KOL 522,Instagram,MTL 1,"200,000",Package,"2,199","1,043",71,71,0,0,0,3.23%,Submitted
523,,KOL 523,Instagram,MTL 1,"200,000",Package,,,0,,,,,,Not Submitted
524,9-May,KOL 524,Instagram,MTL 1,"200,000",Package,671,,0,,,,,0.00%,Not Submitted
525,26-Apr,KOL 525,Instagram,MTL 1,"200,000",Package,"16,500",,0,,,,,0.00%,Not Submitted
526,24-Apr,KOL 526,Instagram,MTL 1,"200,000",Package,"10,500",,0,,,,,0.00%,Not Submitted
527,28-Apr,KOL 527,Instagram,MTL 1,"200,000",Package,981,,0,,,,,0.00%,Not Submitted
528,30-Apr,KOL 528,Instagram,MTL 1,"200,000",Package,"20,400",,0,,,,,0.00%,Not Submitted
529,30-Apr,KOL 529,Instagram,MTL 1,"200,000",Package,"24,500",,0,,,,,0.00%,Not Submitted
530,3-May,KOL 530,Instagram,MTL 1,"200,000",Package,"1,061",,0,,,,,0.00%,Not Submitted
531,,KOL 531,Instagram,MTL 1,"200,000",Package,,,0,,,,,,Not Submitted
532,10-May,KOL 532,Instagram,MTL 1,"200,000",Package,240,,0,,,,,0.00%,Not Submitted
533,11-May,KOL 533,Instagram,MTL 1,"200,000",Package,"1,586",,0,,,,,0.00%,Not Submitted
534,8-May,KOL 534,Instagram,MTL 1,"200,000",Package,"1,416",,0,,,,,0.00%,Not Submitted
535,5-May,KOL 535,Instagram,MTL 1,"200,000",Package,"5,526",,0,,,,,0.00%,Not Submitted
536,8-May,KOL 536,Instagram,MTL 1,"200,000",Package,464,,0,,,,,0.00%,Not Submitted
537,28-Apr,KOL 537,Instagram,MTL 1,"200,000",Package,103,,0,,,,,0.00%,Not Submitted
538,29-Apr,KOL 538,Instagram,MTL 1,"200,000",Package,"9,404",,0,,,,,0.00%,Not Submitted
539,29-Apr,KOL 539,Instagram,MTL 1,"200,000",Package,"10,200",,0,,,,,0.00%,Not Submitted
540,27-Apr,KOL 540,Instagram,MTL 1,"200,000",Package,"1,683",,0,,,,,0.00%,Not Submitted
541,27-Apr,KOL 541,Instagram,MTL 1,"200,000",Package,"30,400",,0,,,,,0.00%,Not Submitted
542,28-Apr,KOL 542,Instagram,MTL 1,"200,000",Package,345,,0,,,,,0.00%,Not Submitted
543,29-Apr,KOL 543,Instagram,MTL 1,"200,000",Package,"10,600",,0,,,,,0.00%,Not Submitted
544,,KOL 544,Instagram,MTL 1,"200,000",Package,,,0,,,,,,Not Submitted
545,24-Apr,KOL 545,Instagram,MTL 1,"200,000",Package,"11,500",,0,,,,,0.00%,Not Submitted
546,5-May,KOL 546,Instagram,MTL 1,"200,000",Package,91,,0,,,,,0.00%,Not Submitted
547,22-Apr,KOL 547,Instagram,MTL 1,"200,000",Package,183,,0,,,,,0.00%,Not Submitted
548,23-Apr,KOL 548,Instagram,MTL 1,"200,000",Package,378,,0,,,,,0.00%,Not Submitted
549,29-Apr,KOL 549,Instagram,MTL 1,"200,000",Package,"9,439",,0,,,,,0.00%,Not Submitted
550,25-Apr,KOL 550,Instagram,MTL 1,"200,000",Package,648,,0,,,,,0.00%,Not Submitted
551,27-Apr,KOL 551,Instagram,MTL 1,"200,000",Package,"1,099",,0,,,,,0.00%,Not Submitted
552,25-Apr,KOL 552,Instagram,MTL 1,"200,000",Package,649,,0,,,,,0.00%,Not Submitted
553,5-May,KOL 553,Instagram,MTL 1,"200,000",Package,186,,0,,,,,0.00%,Not Submitted
554,25-Apr,KOL 554,Instagram,MTL 1,"200,000",Package,546,,0,,,,,0.00%,Not Submitted
555,24-Apr,KOL 555,Instagram,MTL 1,"200,000",Package,"13,644","2,041","1,514","1,200",58,26,230,11.10%,Submitted
556,27-Apr,KOL 556,Instagram,MTL 1,"200,000",Package,"7,810","1,394",829,441,79,34,275,10.61%,Submitted
557,24-Apr,KOL 557,Instagram,MTL 1,"200,000",Package,"5,605",320,187,100,26,31,30,3.34%,Submitted
558,24-Apr,KOL 558,Instagram,MTL 1,"200,000",Package,"19,105",257,122,103,19,0,0,0.64%,Submitted
559,26-Apr,KOL 559,Instagram,MTL 1,"200,000",Package,"8,394",417,"1,851",224,14,13,"1,600",22.05%,Submitted
560,25-Apr,KOL 560,Instagram,MTL 1,"200,000",Package,362,284,30,22,8,0,0,8.29%,Submitted
561,2-May,KOL 561,Instagram,MTL 1,"200,000",Package,"8,833","1,059",333,235,30,8,60,3.77%,Submitted
562,26-Apr,KOL 562,Instagram,MTL 1,"200,000",Package,"33,991",353,201,100,90,3,8,0.59%,Submitted
563,27-Apr,KOL 563,Instagram,MTL 1,"200,000",Package,"10,462",524,96,52,43,1,0,0.92%,Submitted
564,27-Apr,KOL 564,Instagram,MTL 1,"200,000",Package,"4,787","2,009","1,674","1,600",11,28,35,34.97%,Submitted
565,27-Apr,KOL 565,Instagram,MTL 1,"200,000",Package,"5,856",499,617,522,48,24,23,10.54%,Submitted
566,28-Apr,KOL 566,Instagram,MTL 1,"200,000",Package,"5,663",298,47,26,18,3,0,0.83%,Submitted
567,23-Apr,KOL 567,Instagram,MTL 1,"200,000",Package,"133,818","10,850",216,134,45,16,21,0.16%,Submitted
568,30-Apr,KOL 568,Instagram,MTL 1,"200,000",Package,"7,415",197,"2,289","1,400",60,4,825,30.87%,Submitted
569,29-Apr,KOL 569,Instagram,MTL 1,"200,000",Package,273,242,218,117,83,1,17,79.85%,Submitted
570,28-Apr,KOL 570,Instagram,MTL 1,"200,000",Package,"1,279",841,493,465,7,3,18,38.55%,Submitted
571,6-May,KOL 571,Instagram,MTL 1,"200,000",Package,"2,552",559,63,39,18,1,5,2.47%,Submitted
572,28-Apr,KOL 572,Instagram,MTL 1,"200,000",Package,"7,325","1,238","1,388","1,000",15,46,327,18.95%,Submitted
573,28-Apr,KOL 573,Instagram,MTL 1,"200,000",Package,"1,474",272,524,521,2,1,0,35.55%,Submitted
574,6-May,KOL 574,Instagram,MTL 1,"200,000",Package,"2,071",826,252,172,42,34,4,12.17%,Submitted
575,,KOL 575,Instagram,MTL 1,"200,000",Package,,,0,,,,,,Not Submitted
576,27-Apr,KOL 576,Instagram,MTL 1,"200,000",Package,455,276,21,21,0,0,0,4.62%,Submitted
577,25-Apr,KOL 577,Instagram,MTL 1,"200,000",Package,"2,919",,0,,,,,0.00%,Not Submitted
578,28-Apr,KOL 578,Instagram,MTL 1,"200,000",Package,"7,333",844,"1,228","1,200",27,0,1,16.75%,Submitted
579,,KOL 579,Instagram,MTL 1,"200,000",Package,,,0,,,,,,Not Submitted
580,30-Apr,KOL 580,Instagram,MTL 1,"200,000",Package,405,,0,,,,,0.00%,Not Submitted
581,13-May,KOL 581,Instagram,MTL 1,"200,000",Package,109,,0,,,,,0.00%,Not Submitted
582,,KOL 582,Instagram,MTL 1,"200,000",Package,,,0,,,,,,Not Submitted
583,25-Apr,KOL 583,Instagram,MTL 1,"200,000",Package,169,,0,,,,,0.00%,Not Submitted
584,28-Apr,KOL 584,Instagram,MTL 1,"200,000",Package,"5,930",,0,,,,,0.00%,Not Submitted
585,29-Apr,KOL 585,Instagram,MTL 1,"200,000",Package,"1,253",,0,,,,,0.00%,Not Submitted
586,26-Apr,KOL 586,Instagram,MTL 1,"200,000",Package,"6,131",,0,,,,,0.00%,Not Submitted
587,25-Apr,KOL 587,Instagram,MTL 1,"200,000",Package,310,,0,,,,,0.00%,Not Submitted
588,25-Apr,KOL 588,Instagram,MTL 1,"200,000",Package,"1,854",,0,,,,,0.00%,Not Submitted
589,23-Apr,KOL 589,Instagram,MTL 1,"200,000",Package,"2,786",,0,,,,,0.00%,Not Submitted
590,,KOL 590,Instagram,MTL 2,"200,000",Package,,,0,,,,,,Not Submitted
591,,KOL 591,Instagram,MTL 1,"200,000",Package,,,0,,,,,,Not Submitted
592,,KOL 592,Instagram,MTL 1,"200,000",Package,,,0,,,,,,Not Submitted
593,,KOL 593,Instagram,MTL 1,"200,000",Package,,,0,,,,,,Not Submitted
594,27-Apr,KOL 594,Instagram,MTL 1,"200,000",Package,185,,0,,,,,0.00%,Not Submitted
595,29-Apr,KOL 595,Instagram,MTL 1,"200,000",Package,517,,0,,,,,0.00%,Not Submitted
596,26-Apr,KOL 596,Instagram,MTL 1,"200,000",Package,"3,358",,0,,,,,0.00%,Not Submitted
597,24-Apr,KOL 597,Instagram,MTL 1,"200,000",Package,"6,403",,0,,,,,0.00%,Not Submitted
598,29-Apr,KOL 598,Instagram,MTL 1,"200,000",Package,263,,0,,,,,0.00%,Not Submitted
599,24-Apr,KOL 599,Instagram,MTL 1,"200,000",Package,"4,815",,0,,,,,0.00%,Not Submitted
600,26-Apr,KOL 600,Instagram,MTL 1,"200,000",Package,476,,0,,,,,0.00%,Not Submitted
601,28-Apr,KOL 601,Instagram,MTL 1,"200,000",Package,77,,0,,,,,0.00%,Not Submitted
602,28-Apr,KOL 602,Instagram,MTL 1,"200,000",Package,805,,0,,,,,0.00%,Not Submitted
603,,KOL 603,Instagram,MTL 1,"200,000",Package,,,0,,,,,,Not Submitted
604,22-Apr,KOL 604,Instagram,MTL 1,"200,000",Package,"1,032",,0,,,,,0.00%,Not Submitted
605,25-Apr,KOL 605,Instagram,MTL 1,"200,000",Package,326,,0,,,,,0.00%,Not Submitted
606,28-Apr,KOL 606,Instagram,MTL 1,"200,000",Package,"10,400",,0,,,,,0.00%,Not Submitted
607,23-Apr,KOL 607,Instagram,MTL 1,"200,000",Package,"7,738",,0,,,,,0.00%,Not Submitted
608,28-Apr,KOL 608,Instagram,MTL 1,"200,000",Package,869,,0,,,,,0.00%,Not Submitted
609,25-Apr,KOL 609,Instagram,MTL 1,"200,000",Package,"10,700",,0,,,,,0.00%,Not Submitted
610,23-Apr,KOL 610,Instagram,MTL 1,"200,000",Package,308,,0,,,,,0.00%,Not Submitted
611,23-Apr,KOL 611,Instagram,MTL 1,"200,000",Package,"12,200",,0,,,,,0.00%,Not Submitted
612,27-Apr,KOL 612,Instagram,MTL 1,"200,000",Package,"3,384",,0,,,,,0.00%,Not Submitted
613,25-Apr,KOL 613,Instagram,MTL 1,"200,000",Package,537,,0,,,,,0.00%,Not Submitted
614,30-Apr,KOL 614,Instagram,MTL 1,"200,000",Package,"1,436",,0,,,,,0.00%,Not Submitted
615,26-Apr,KOL 615,Instagram,MTL 1,"200,000",Package,748,,0,,,,,0.00%,Not Submitted
616,28-Apr,KOL 616,Instagram,MTL 1,"200,000",Package,"11,600",,0,,,,,0.00%,Not Submitted
617,27-Apr,KOL 617,Instagram,MTL 1,"200,000",Package,956,,0,,,,,0.00%,Not Submitted
618,22-Apr,KOL 618,Instagram,MTL 1,"200,000",Package,741,,0,,,,,0.00%,Not Submitted
619,27-Apr,KOL 619,Instagram,MTL 2,"200,000",Package,,,0,,,,,,Not Submitted
620,23-Apr,KOL 620,Instagram,MTL 1,"200,000",Package,"6,635",,0,,,,,0.00%,Not Submitted
621,23-Apr,KOL 621,Instagram,MTL 1,"200,000",Package,"6,563",,0,,,,,0.00%,Not Submitted
622,13-May,KOL 622,Instagram,MTL 1,"200,000",Package,"2,262","2,038",19,17,2,0,0,0.84%,Submitted
623,28-Apr,KOL 623,Instagram,MTL 1,"200,000",Package,197,,0,,,,,0.00%,Not Submitted
624,14-May,KOL 624,Instagram,MTL 1,"200,000",Package,"1,248",757,42,37,4,1,0,3.37%,Submitted
625,26-Apr,KOL 625,Instagram,MTL 1,"200,000",Package,"1,614",,0,,,,,0.00%,Not Submitted
626,29-Apr,KOL 626,Instagram,MTL 1,"200,000",Package,"1,626",,0,,,,,0.00%,Not Submitted
627,30-Apr,KOL 627,Instagram,MTL 1,"200,000",Package,"4,737",,0,,,,,0.00%,Not Submitted
628,2-May,KOL 628,Instagram,MTL 1,"200,000",Package,461,,0,,,,,0.00%,Not Submitted
629,29-Apr,KOL 629,Instagram,MTL 2,"200,000",Package,"2,262","2,038",19,17,2,0,0,0.84%,Submitted
630,14-May,KOL 630,Instagram,MTL 1,"200,000",Package,"8,715",,0,,,,,0.00%,Not Submitted
631,11-May,KOL 631,Instagram,MTL 1,"200,000",Package,"1,248",757,42,37,4,1,0,3.37%,Submitted
632,17-May,KOL 632,Instagram,MTL 1,"200,000",Package,"7,024",,0,,,,,0.00%,Not Submitted
633,17-May,KOL 633,Instagram,MTL 1,"200,000",Package,855,,0,,,,,0.00%,Not Submitted
634,25-May,KOL 634,Instagram,MTL 1,"200,000",Package,408,,0,,,,,0.00%,Not Submitted
635,,KOL 635,Instagram,MTL 1,"200,000",Package,,,0,,,,,,Not Submitted
636,,KOL 636,Instagram,MTL 1,"200,000",Package,,,0,,,,,,Not Submitted
637,,KOL 637,Instagram,MTL 1,"200,000",Package,,,0,,,,,,Not Submitted
638,9-May,KOL 638,Instagram,MTL 1,"200,000",Package,364,,0,,,,,0.00%,Not Submitted
639,9-May,KOL 639,Instagram,MTL 1,"200,000",Package,"51,300",,0,,,,,0.00%,Not Submitted
640,,KOL 640,Instagram,MTL 1,"200,000",Package,,,0,,,,,,Not Submitted
641,4-May,KOL 641,Instagram,MTL 1,"200,000",Package,"1,344",,0,,,,,0.00%,Not Submitted
642,,KOL 642,Instagram,MTL 2,"200,000",Package,,,0,,,,,,Not Submitted
643,5-May,KOL 643,Instagram,MTL 1,"200,000",Package,"5,680",,0,,,,,0.00%,Not Submitted
644,6-May,KOL 644,Instagram,MTL 1,"200,000",Package,"6,335",,0,,,,,0.00%,Not Submitted
645,4-May,KOL 645,Instagram,MTL 1,"200,000",Package,396,,0,,,,,0.00%,Not Submitted
646,,KOL 646,Instagram,MTL 1,"200,000",Package,,,0,,,,,,Not Submitted
647,7-May,KOL 647,Instagram,MTL 1,"200,000",Package,"5,433",,0,,,,,0.00%,Not Submitted
648,27-May,KOL 648,Instagram,MTL 1,"200,000",Package,"12,200",,0,,,,,0.00%,Not Submitted
649,9-May,KOL 649,Instagram,MTL 1,"200,000",Package,"17,000",,0,,,,,0.00%,Not Submitted
650,7-May,KOL 650,Instagram,MTL 1,"200,000",Package,"9,244",,0,,,,,0.00%,Not Submitted
651,8-May,KOL 651,Instagram,MTL 1,"200,000",Package,436,,0,,,,,0.00%,Not Submitted
652,7-May,KOL 652,Instagram,MTL 1,"200,000",Package,380,246,13,13,0,0,0,3.42%,Submitted
653,4-May,KOL 653,Instagram,MTL 1,"200,000",Package,"6,714",948,265,262,3,0,0,3.95%,Submitted
654,,KOL 654,Instagram,MTL 1,"200,000",Package,,,0,,,,,,Not Submitted
655,7-May,KOL 655,Instagram,MTL 1,"200,000",Package,"12,155","4,880",539,528,10,1,0,4.43%,Submitted
656,8-May,KOL 656,Instagram,MTL 1,"200,000",Package,"5,320","4,699",63,60,3,0,0,1.18%,Submitted
657,27-Apr,KOL 657,Instagram,MTL 1,"200,000",Package,"1,322",,0,,,,,0.00%,Not Submitted
658,5-May,KOL 658,Instagram,MTL 1,"200,000",Package,575,,0,,,,,0.00%,Not Submitted
659,29-Apr,KOL 659,Instagram,MTL 1,"200,000",Package,517,,0,,,,,0.00%,Not Submitted
660,,KOL 660,Instagram,MTL 1,"200,000",Package,,,0,,,,,,Not Submitted
661,4-May,KOL 661,Instagram,MTL 1,"200,000",Package,380,246,13,13,0,0,0,3.42%,Submitted
662,29-Apr,KOL 662,Instagram,MTL 1,"200,000",Package,"6,714",948,265,262,3,0,0,3.95%,Submitted
663,30-Apr,KOL 663,Instagram,MTL 1,"200,000",Package,"7,565",,0,,,,,0.00%,Not Submitted
664,30-Apr,KOL 664,Instagram,MTL 1,"200,000",Package,"12,155","4,880",539,528,10,1,0,4.43%,Submitted
665,4-May,KOL 665,Instagram,MTL 1,"200,000",Package,"5,320","4,699",63,60,3,0,0,1.18%,Submitted
666,2-May,KOL 666,Instagram,MTL 1,"200,000",Package,"5,452",,0,,,,,0.00%,Not Submitted
667,29-Apr,KOL 667,Instagram,MTL 1,"200,000",Package,"1,501",,0,,,,,0.00%,Not Submitted
668,29-Apr,KOL 668,Instagram,MTL 1,"200,000",Package,"1,378",,0,,,,,0.00%,Not Submitted
669,29-Apr,KOL 669,Instagram,MTL 1,"200,000",Package,"5,016",,0,,,,,0.00%,Not Submitted
670,10-May,KOL 670,Instagram,MTL 1,"200,000",Package,782,,0,,,,,0.00%,Not Submitted
671,30-Apr,KOL 671,Instagram,MTL 1,"200,000",Package,407,,0,,,,,0.00%,Not Submitted
672,30-Apr,KOL 672,Instagram,MTL 1,"200,000",Package,"36,200",,0,,,,,0.00%,Not Submitted
673,30-Apr,KOL 673,Instagram,MTL 1,"200,000",Package,915,,0,,,,,0.00%,Not Submitted
674,2-May,KOL 674,Instagram,MTL 1,"200,000",Package,"1,881",,0,,,,,0.00%,Not Submitted
675,10-May,KOL 675,Instagram,MTL 1,"200,000",Package,"1,236",,0,,,,,0.00%,Not Submitted
676,14-May,KOL 676,Instagram,MTL 1,"200,000",Package,"1,431",,0,,,,,0.00%,Not Submitted
677,10-May,KOL 677,Instagram,MTL 1,"200,000",Package,"2,693",,0,,,,,0.00%,Not Submitted
678,,KOL 678,Instagram,MTL 1,"200,000",Package,,,0,,,,,,Not Submitted
679,3-May,KOL 679,Instagram,MTL 1,"200,000",Package,772,,0,,,,,0.00%,Not Submitted
680,11-May,KOL 680,Instagram,MTL 1,"200,000",Package,79,,0,,,,,0.00%,Not Submitted
681,7-May,KOL 681,Instagram,MTL 1,"200,000",Package,"1,135",,0,,,,,0.00%,Not Submitted
682,13-May,KOL 682,Instagram,MTL 1,"200,000",Package,933,,0,,,,,0.00%,Not Submitted
683,6-May,KOL 683,Instagram,MTL 1,"200,000",Package,"7,421",,0,,,,,0.00%,Not Submitted
684,3-May,KOL 684,Instagram,MTL 1,"200,000",Package,"2,901",291,348,311,36,1,0,12.00%,Submitted
685,29-Apr,KOL 685,Instagram,MTL 1,"200,000",Package,"5,353",,0,,,,,0.00%,Not Submitted
686,30-Apr,KOL 686,Instagram,MTL 2,"200,000",Package,"1,944",,0,,,,,0.00%,Not Submitted
687,3-May,KOL 687,Instagram,MTL 1,"200,000",Package,"1,136",,0,,,,,0.00%,Not Submitted
688,5-May,KOL 688,Instagram,MTL 1,"200,000",Package,"8,995",,0,,,,,0.00%,Not Submitted
689,,KOL 689,Instagram,MTL 1,"200,000",Package,,,0,,,,,,Not Submitted
690,6-May,KOL 690,Instagram,MTL 1,"200,000",Package,"14,500",,0,,,,,0.00%,Not Submitted
691,15-May,KOL 691,Instagram,MTL 1,"200,000",Package,"15,500",,0,,,,,0.00%,Not Submitted
692,,KOL 692,Instagram,MTL 1,"200,000",Package,,,0,,,,,,Not Submitted
693,6-May,KOL 693,Instagram,MTL 1,"200,000",Package,605,,0,,,,,0.00%,Not Submitted
694,6-May,KOL 694,Instagram,MTL 1,"200,000",Package,"7,818",,0,,,,,0.00%,Not Submitted
695,31-May,KOL 695,Instagram,MTL 1,"200,000",Package,"2,901",291,348,311,36,1,0,12.00%,Submitted
696,29-Apr,KOL 696,Instagram,MTL 1,"200,000",Package,"2,494",,0,,,,,0.00%,Not Submitted
697,29-Apr,KOL 697,Instagram,MTL 1,"200,000",Package,581,,0,,,,,0.00%,Not Submitted
698,15-Jun,KOL 698,Instagram,MTL 1,"200,000",Package,"1,270",,0,,,,,0.00%,Not Submitted
699,12-May,KOL 699,Instagram,MTL 1,"200,000",Package,31,,0,,,,,0.00%,Not Submitted
700,3-May,KOL 700,Instagram,MTL 1,"200,000",Package,579,,0,,,,,0.00%,Not Submitted
701,7-May,KOL 701,Instagram,MTL 1,"200,000",Package,"10,300",,0,,,,,0.00%,Not Submitted
702,3-May,KOL 702,Instagram,MTL 1,"200,000",Package,735,,0,,,,,0.00%,Not Submitted
703,,KOL 703,Instagram,MTL 1,"200,000",Package,,,0,,,,,,Not Submitted
704,,KOL 704,Instagram,MTL 1,"200,000",Package,,,0,,,,,,Not Submitted
705,14-May,KOL 705,Instagram,MTL 1,"200,000",Package,"13,600",,0,,,,,0.00%,Not Submitted
706,6-May,KOL 706,Instagram,MTL 1,"200,000",Package,"1,767",,0,,,,,0.00%,Not Submitted
707,,KOL 707,Instagram,MTL 1,"200,000",Package,,,0,,,,,,Not Submitted
708,18-May,KOL 708,Instagram,MTL 1,"200,000",Package,"10,600",,0,,,,,0.00%,Not Submitted
709,27-May,KOL 709,Instagram,MTL 1,"200,000",Package,663,,0,,,,,0.00%,Not Submitted
710,6-May,KOL 710,Instagram,MTL 1,"200,000",Package,"3,996",,0,,,,,0.00%,Not Submitted
711,16-May,KOL 711,Instagram,MTL 1,"200,000",Package,273,,0,,,,,0.00%,Not Submitted
712,23-May,KOL 712,Instagram,MTL 1,"200,000",Package,486,,0,,,,,0.00%,Not Submitted
713,11-May,KOL 713,Instagram,MTL 1,"200,000",Package,659,,0,,,,,0.00%,Not Submitted
714,,KOL 714,Instagram,MTL 1,"200,000",Package,,,0,,,,,,Not Submitted
715,9-May,KOL 715,Instagram,MTL 1,"200,000",Package,"25,800",,0,,,,,0.00%,Not Submitted
716,9-May,KOL 716,Instagram,MTL 1,"200,000",Package,852,,0,,,,,0.00%,Not Submitted
717,,KOL 717,Instagram,MTL 1,"200,000",Package,,,0,,,,,,Not Submitted
718,12-May,KOL 718,Instagram,MTL 1,"200,000",Package,"1,388",,0,,,,,0.00%,Not Submitted
719,,KOL 719,Instagram,MTL 1,"200,000",Package,,,0,,,,,,Not Submitted
720,,KOL 720,Instagram,MTL 1,"200,000",Package,,,0,,,,,,Not Submitted
721,6-May,KOL 721,Instagram,MTL 1,"200,000",Package,"19,600",,0,,,,,0.00%,Not Submitted
722,12-May,KOL 722,Instagram,MTL 1,"200,000",Package,662,,0,,,,,0.00%,Not Submitted
723,6-May,KOL 723,Instagram,MTL 1,"200,000",Package,"3,610",,0,,,,,0.00%,Not Submitted
724,18-May,KOL 724,Instagram,MTL 1,"200,000",Package,"3,487",,0,,,,,0.00%,Not Submitted
725,17-May,KOL 725,Instagram,MTL 1,"200,000",Package,"19,900",,0,,,,,0.00%,Not Submitted
726,,KOL 726,Instagram,MTL 1,"200,000",Package,,,0,,,,,,Not Submitted
727,10-May,KOL 727,Instagram,MTL 1,"200,000",Package,"21,109","10,930",605,310,39,2,254,2.87%,Submitted
728,8-May,KOL 728,Instagram,MTL 1,"200,000",Package,"3,578","2,959","1,065",627,69,36,333,29.77%,Submitted
729,,KOL 729,Instagram,MTL 1,"200,000",Package,,,0,,,,,,Not Submitted
730,,KOL 730,Instagram,MTL 1,"200,000",Package,,,0,,,,,,Not Submitted
731,,KOL 731,Instagram,MTL 1,"200,000",Package,,,0,,,,,,Not Submitted
732,,KOL 732,Instagram,MTL 1,"200,000",Package,,,0,,,,,,Not Submitted
733,14-May,KOL 733,Instagram,MTL 1,"200,000",Package,"1,269",499,51,49,2,0,0,4.02%,Submitted
734,16-May,KOL 734,Instagram,MTL 1,"200,000",Package,771,474,55,29,13,6,7,7.13%,Submitted
735,13-May,KOL 735,Instagram,MTL 1,"200,000",Package,338,,0,,,,,0.00%,Not Submitted
736,3-Jun,KOL 736,Instagram,MTL 1,"200,000",Package,"47,300",,0,,,,,0.00%,Not Submitted
737,12-May,KOL 737,Instagram,MTL 1,"200,000",Package,"1,034",,0,,,,,0.00%,Not Submitted
738,9-May,KOL 738,Instagram,MTL 1,"200,000",Package,"21,109","10,930",605,310,39,2,254,2.87%,Submitted
739,,KOL 739,Instagram,MTL 1,"200,000",Package,"3,578","2,959","1,065",627,69,36,333,29.77%,Submitted
740,16-May,KOL 740,Instagram,MTL 1,"200,000",Package,"6,040",,0,,,,,0.00%,Not Submitted
741,15-May,KOL 741,Instagram,MTL 1,"200,000",Package,"2,593",,0,,,,,0.00%,Not Submitted
742,26-May,KOL 742,Instagram,MTL 1,"200,000",Package,"12,200",,0,,,,,0.00%,Not Submitted
743,18-May,KOL 743,Instagram,MTL 1,"200,000",Package,"1,256",,0,,,,,0.00%,Not Submitted
744,10-May,KOL 744,Instagram,MTL 1,"200,000",Package,"1,269",499,51,49,2,0,0,4.02%,Submitted
745,23-May,KOL 745,Instagram,MTL 1,"200,000",Package,771,474,55,29,13,6,7,7.13%,Submitted
746,15-May,KOL 746,Instagram,MTL 1,"200,000",Package,"1,328",,0,,,,,0.00%,Not Submitted
747,13-May,KOL 747,Instagram,MTL 1,"200,000",Package,,,0,,,,,,Not Submitted
748,30-May,KOL 748,Instagram,MTL 1,"200,000",Package,463,,0,,,,,0.00%,Not Submitted
749,17-May,KOL 749,Instagram,MTL 1,"200,000",Package,726,,0,,,,,0.00%,Not Submitted
750,10-May,KOL 750,Instagram,MTL 1,"200,000",Package,"29,400",,0,,,,,0.00%,Not Submitted
751,12-May,KOL 751,Instagram,MTL 1,"200,000",Package,786,,0,,,,,0.00%,Not Submitted
752,15-May,KOL 752,Instagram,MTL 1,"200,000",Package,185,,0,,,,,0.00%,Not Submitted
753,26-May,KOL 753,Instagram,MTL 1,"200,000",Package,"6,546",,0,,,,,0.00%,Not Submitted
754,7-Jun,KOL 754,Instagram,MTL 1,"200,000",Package,"39,800",,0,,,,,0.00%,Not Submitted
755,17-May,KOL 755,Instagram,MTL 1,"200,000",Package,"11,000",,0,,,,,0.00%,Not Submitted
756,6-Jun,KOL 756,Instagram,MTL 1,"200,000",Package,"70,500",,0,,,,,0.00%,Not Submitted
757,21-May,KOL 757,Instagram,MTL 1,"200,000",Package,"35,600",,0,,,,,0.00%,Not Submitted
758,11-May,KOL 758,Instagram,MTL 1,"200,000",Package,715,,0,,,,,0.00%,Not Submitted
759,20-May,KOL 759,Instagram,MTL 1,"200,000",Package,"25,800",,0,,,,,0.00%,Not Submitted
760,22-May,KOL 760,Instagram,MTL 1,"200,000",Package,"5,573",,0,,,,,0.00%,Not Submitted
761,25-May,KOL 761,Instagram,MTL 1,"200,000",Package,478,,0,,,,,0.00%,Not Submitted
762,11-May,KOL 762,Instagram,MTL 1,"200,000",Package,"7,029",,0,,,,,0.00%,Not Submitted
763,28-May,KOL 763,Instagram,MTL 2,"200,000",Package,"3,553",,0,,,,,0.00%,Not Submitted
764,25-May,KOL 764,Instagram,MTL 2,"200,000",Package,427,,0,,,,,0.00%,Not Submitted
765,23-May,KOL 765,Instagram,MTL 3,"200,000",Package,"17,600",,0,,,,,0.00%,Not Submitted
766,11-May,KOL 766,Instagram,MTL 2,"200,000",Package,"2,024","1,280","1,077","1,000",60,11,6,53.21%,Submitted
767,15-May,KOL 767,Instagram,MTL 1,"200,000",Package,"3,781",248,168,85,81,2,0,4.44%,Submitted
768,12-May,KOL 768,Instagram,MTL 1,"200,000",Package,546,333,40,33,7,0,0,7.33%,Submitted
769,13-May,KOL 769,Instagram,MTL 1,"200,000",Package,905,625,218,210,3,3,2,24.09%,Submitted
770,15-May,KOL 770,Instagram,MTL 1,"200,000",Package,"2,746",465,558,537,14,7,0,20.32%,Submitted
771,,KOL 771,Instagram,MTL 1,"200,000",Package,,,0,,,,,,Not Submitted
772,9-May,KOL 772,Instagram,MTL 1,"200,000",Package,"1,250",,0,,,,,0.00%,Not Submitted
773,13-May,KOL 773,Instagram,MTL 1,"200,000",Package,"5,410",,0,,,,,0.00%,Not Submitted
774,10-May,KOL 774,Instagram,MTL 1,"200,000",Package,439,,0,,,,,0.00%,Not Submitted
775,25-May,KOL 775,Instagram,MTL 1,"200,000",Package,"1,656",,0,,,,,0.00%,Not Submitted
776,11-May,KOL 776,Instagram,MTL 1,"200,000",Package,"1,254",,0,,,,,0.00%,Not Submitted
777,,KOL 777,Instagram,MTL 1,"200,000",Package,,,0,,,,,,Not Submitted
778,11-May,KOL 778,Instagram,MTL 1,"200,000",Package,"3,781",248,168,85,81,0,2,4.44%,Submitted
779,12-May,KOL 779,Instagram,MTL 1,"200,000",Package,546,333,40,33,7,0,0,7.33%,Submitted
780,12-May,KOL 780,Instagram,MTL 1,"200,000",Package,905,625,218,210,3,3,2,24.09%,Submitted
781,15-May,KOL 781,Instagram,MTL 1,"200,000",Package,"2,746",465,558,537,14,7,0,20.32%,Submitted
782,21-May,KOL 782,Instagram,MTL 1,"200,000",Package,"6,698",,0,,,,,0.00%,Not Submitted
783,12-Jun,KOL 783,Instagram,MKP 1,"200,000",Package,"1,248",,0,,,,,0.00%,Not Submitted
784,,KOL 784,Instagram,MTL 1,"200,000",Package,,,0,,,,,,Not Submitted
785,19-May,KOL 785,Instagram,MTL 1,"200,000",Package,452,,0,,,,,0.00%,Not Submitted
786,17-May,KOL 786,Instagram,MTL 1,"200,000",Package,"15,300",,0,,,,,0.00%,Not Submitted
787,11-May,KOL 787,Instagram,MTL 1,"200,000",Package,566,,0,,,,,0.00%,Not Submitted
788,3-Jun,KOL 788,Instagram,MTL 1,"200,000",Package,"2,057",,0,,,,,0.00%,Not Submitted
789,28-May,KOL 789,Instagram,MTL 1,"200,000",Package,"30,500",,0,,,,,0.00%,Not Submitted
790,16-May,KOL 790,Instagram,MTL 1,"200,000",Package,"7,311",,0,,,,,0.00%,Not Submitted
791,16-May,KOL 791,Instagram,MTL 1,"200,000",Package,"6,068",,0,,,,,0.00%,Not Submitted
792,21-May,KOL 792,Instagram,MTL 1,"200,000",Package,"18,300",,0,,,,,0.00%,Not Submitted
793,13-May,KOL 793,Instagram,MTL 1,"200,000",Package,419,,0,,,,,0.00%,Not Submitted
794,20-May,KOL 794,Instagram,MTL 1,"200,000",Package,"7,996",,0,,,,,0.00%,Not Submitted
795,21-May,KOL 795,Instagram,MTL 1,"200,000",Package,30,,0,,,,,0.00%,Not Submitted
796,16-May,KOL 796,Instagram,MTL 1,"200,000",Package,"7,418",,0,,,,,0.00%,Not Submitted
797,20-May,KOL 797,Instagram,MTL 1,"200,000",Package,"1,645",,0,,,,,0.00%,Not Submitted
798,27-May,KOL 798,Instagram,MTL 1,"200,000",Package,"4,719",,0,,,,,0.00%,Not Submitted
799,17-May,KOL 799,Instagram,MTL 1,"200,000",Package,"10,400",,0,,,,,0.00%,Not Submitted
800,,KOL 800,Instagram,MTL 1,"200,000",Package,,,0,,,,,,Not Submitted
801,21-May,KOL 801,Instagram,MTL 1,"200,000",Package,"6,699",,0,,,,,0.00%,Not Submitted
802,20-May,KOL 802,Instagram,MTL 1,"200,000",Package,"1,175",,0,,,,,0.00%,Not Submitted
803,21-May,KOL 803,Instagram,MTL 1,"200,000",Package,"142,000",,0,,,,,0.00%,Not Submitted
804,26-May,KOL 804,Instagram,MTL 1,"200,000",Package,"1,244",,0,,,,,0.00%,Not Submitted
805,1-Jun,KOL 805,Instagram,MTL 1,"200,000",Package,"3,196",,0,,,,,0.00%,Not Submitted
806,28-May,KOL 806,Instagram,MTL 1,"200,000",Package,"9,651",,0,,,,,0.00%,Not Submitted
807,5-Jun,KOL 807,Instagram,MTL 1,"200,000",Package,"51,500",,0,,,,,0.00%,Not Submitted
808,29-May,KOL 808,Instagram,MTL 1,"200,000",Package,"3,197",,0,,,,,0.00%,Not Submitted
809,27-May,KOL 809,Instagram,MTL 1,"200,000",Package,"1,954",,0,,,,,0.00%,Not Submitted
810,22-May,KOL 810,Instagram,MTL 1,"200,000",Package,"3,479",,0,,,,,0.00%,Not Submitted
811,29-May,KOL 811,Instagram,MTL 1,"200,000",Package,"1,687",,0,,,,,0.00%,Not Submitted
812,28-May,KOL 812,Instagram,MTL 1,"200,000",Package,"1,250",,0,,,,,0.00%,Not Submitted
813,27-May,KOL 813,Instagram,MTL 1,"200,000",Package,"9,769",,0,,,,,0.00%,Not Submitted
814,27-May,KOL 814,Instagram,MTL 1,"200,000",Package,"1,537",,0,,,,,0.00%,Not Submitted
815,26-May,KOL 815,Instagram,MTL 1,"200,000",Package,823,,0,,,,,0.00%,Not Submitted
816,7-Jun,KOL 816,Instagram,MTL 1,"200,000",Package,327,,0,,,,,0.00%,Not Submitted
817,27-May,KOL 817,Instagram,MTL 1,"200,000",Package,"21,100",,0,,,,,0.00%,Not Submitted
818,3-Jun,KOL 818,Instagram,MTL 1,"200,000",Package,"8,674",,0,,,,,0.00%,Not Submitted
819,,KOL 819,Instagram,MTL 1,"200,000",Package,,,0,,,,,,Not Submitted
820,24-May,KOL 820,Instagram,MTL 1,"200,000",Package,"9,162",,0,,,,,0.00%,Not Submitted
821,24-May,KOL 821,Instagram,MTL 1,"200,000",Package,"7,593",,0,,,,,0.00%,Not Submitted
822,,KOL 822,Instagram,MTL 1,"200,000",Package,,,0,,,,,,Not Submitted
823,25-May,KOL 823,Instagram,MTL 1,"200,000",Package,"5,730",,0,,,,,0.00%,Not Submitted
824,26-May,KOL 824,Instagram,MTL 1,"200,000",Package,"2,329",,0,,,,,0.00%,Not Submitted
825,26-May,KOL 825,Instagram,MTL 1,"200,000",Package,"6,655",,0,,,,,0.00%,Not Submitted
826,21-May,KOL 826,Instagram,MTL 1,"200,000",Package,"5,076",,0,,,,,0.00%,Not Submitted
827,21-May,KOL 827,Instagram,MTL 1,"200,000",Package,899,,0,,,,,0.00%,Not Submitted
828,,KOL 828,Instagram,MKP 1,"200,000",Package,,,0,,,,,,Not Submitted
829,15-Jun,KOL 829,Instagram,MKP 1,"200,000",Package,"38,200",,0,,,,,0.00%,Not Submitted
830,12-Jun,KOL 830,Instagram,MKP 1,"200,000",Package,"16,300",,0,,,,,0.00%,Not Submitted
831,11-Jun,KOL 831,Instagram,MKP 1,"200,000",Package,252,,0,,,,,0.00%,Not Submitted
832,17-Jun,KOL 832,Instagram,MKP 1,"200,000",Package,180,,0,,,,,0.00%,Not Submitted
833,,KOL 833,Instagram,MKP 1,"200,000",Package,"26,646",324,"1,031","1,000",2,4,25,3.87%,Submitted
834,10-Jun,KOL 834,Instagram,MKP 1,"200,000",Package,"8,675",,0,,,,,0.00%,Not Submitted
835,10-Jun,KOL 835,Instagram,MKP 1,"200,000",Package,"7,357",,0,,,,,0.00%,Not Submitted
836,,KOL 836,Instagram,MKP 1,"200,000",Package,,,0,,,,,,Not Submitted
837,9-Jun,KOL 837,Instagram,MKP 1,"200,000",Package,"2,541",,0,,,,,0.00%,Not Submitted
838,,KOL 838,Instagram,MKP 1,"200,000",Package,,,0,,,,,,Not Submitted
839,,KOL 839,Instagram,MKP 1,"200,000",Package,,,0,,,,,,Not Submitted
840,8-Jun,KOL 840,Instagram,MKP 1,"200,000",Package,89,,0,,,,,0.00%,Not Submitted
841,15-Jun,KOL 841,Instagram,MKP 1,"200,000",Package,"2,261",,0,,,,,0.00%,Not Submitted
842,8-Jun,KOL 842,Instagram,MKP 1,"200,000",Package,"2,061",,0,,,,,0.00%,Not Submitted
843,28-May,KOL 843,Instagram,MTL 1,"200,000",Package,"5,085",,0,,,,,0.00%,Not Submitted
844,2-Jun,KOL 844,Instagram,MTL 2,"200,000",Package,"1,158",,0,,,,,0.00%,Not Submitted
845,13-Jun,KOL 845,Instagram,MTL 1,"200,000",Package,,,0,,,,,,Not Submitted
846,28-May,KOL 846,Instagram,MTL 1,"200,000",Package,"1,698",,0,,,,,0.00%,Not Submitted
847,28-May,KOL 847,Instagram,MTL 1,"200,000",Package,"1,432",,0,,,,,0.00%,Not Submitted
848,1-Jun,KOL 848,Instagram,MTL 2,"200,000",Package,"5,970",,0,,,,,0.00%,Not Submitted
849,28-May,KOL 849,Instagram,MTL 2,"200,000",Package,"12,100",,0,,,,,0.00%,Not Submitted
850,28-May,KOL 850,Instagram,MTL 2,"200,000",Package,226,,0,,,,,0.00%,Not Submitted
851,5-Jun,KOL 851,Instagram,MTL 2,"200,000",Package,"6,791",,0,,,,,0.00%,Not Submitted
852,3-Jun,KOL 852,Instagram,MTL 2,"200,000",Package,"1,152",,0,,,,,0.00%,Not Submitted
853,,KOL 853,Instagram,MTL 2,"200,000",Package,,,0,,,,,,Not Submitted
854,31-May,KOL 854,Instagram,MTL 2,"200,000",Package,"24,200",,0,,,,,0.00%,Not Submitted
855,2-Jun,KOL 855,Instagram,MTL 2,"200,000",Package,"3,334",,0,,,,,0.00%,Not Submitted
856,1-Jun,KOL 856,Instagram,MTL 2,"200,000",Package,"50,900",,0,,,,,0.00%,Not Submitted
857,,KOL 857,Instagram,MTL 2,"200,000",Package,,,0,,,,,,Not Submitted
858,,KOL 858,Instagram,MTL 2,"200,000",Package,,,0,,,,,,Not Submitted
859,,KOL 859,Instagram,MKP 1,"200,000",Package,,,0,,,,,,Not Submitted
860,,KOL 860,Instagram,MKP 1,"200,000",Package,,,0,,,,,,Not Submitted
861,,KOL 861,Instagram,MKP 1,"200,000",Package,,,0,,,,,,Not Submitted
862,,KOL 862,Instagram,MKP 1,"200,000",Package,,,0,,,,,,Not Submitted
863,,KOL 863,Instagram,MKP 1,"200,000",Package,,,0,,,,,,Not Submitted
864,,KOL 864,Instagram,MKP 1,"200,000",Package,,,0,,,,,,Not Submitted
865,,KOL 865,Instagram,MKP 1,"200,000",Package,,,0,,,,,,Not Submitted
866,15-Jun,KOL 866,Instagram,MKP 1,"200,000",Package,158,,0,,,,,0.00%,Not Submitted
867,,KOL 867,Instagram,MKP 1,"200,000",Package,,,0,,,,,,Not Submitted
868,4-Jun,KOL 868,Instagram,MKP 1,"200,000",Package,"18,500",,0,,,,,0.00%,Not Submitted
869,,KOL 869,Instagram,MKP 1,"200,000",Package,,,0,,,,,,Not Submitted
870,11-Jun,KOL 870,Instagram,MTL 1,"200,000",Package,"1,799",,0,,,,,0.00%,Not Submitted
871,,KOL 871,Instagram,MTL 2,"200,000",Package,,,0,,,,,,Not Submitted
872,,KOL 872,Instagram,MTL 2,"200,000",Package,,,0,,,,,,Not Submitted
873,,KOL 873,Instagram,MTL 2,"200,000",Package,,,0,,,,,,Not Submitted
874,,KOL 874,Instagram,MTL 2,"200,000",Package,,,0,,,,,,Not Submitted
875,12-Jun,KOL 875,Instagram,MTL 1,"200,000",Package,"4,239",,0,,,,,0.00%,Not Submitted
876,17-Jun,KOL 876,Instagram,MTL 2,"200,000",Package,221,,0,,,,,0.00%,Not Submitted
877,,KOL 877,Instagram,MTL 2,"200,000",Package,,,0,,,,,,Not Submitted
878,17-Jun,KOL 878,Instagram,MTL 1,"200,000",Package,357,,0,,,,,0.00%,Not Submitted
879,9-Jun,KOL 879,Instagram,MTL 1,"200,000",Package,202,,0,,,,,0.00%,Not Submitted
880,12-Jun,KOL 880,Instagram,MTL 1,"200,000",Package,"25,400",,0,,,,,0.00%,Not Submitted
881,11-Jun,KOL 881,Instagram,MTL 1,"200,000",Package,"2,323",,0,,,,,0.00%,Not Submitted
882,17-Jun,KOL 882,Instagram,MTL 1,"200,000",Package,102,,0,,,,,0.00%,Not Submitted
883,,KOL 883,Instagram,MTL 1,"200,000",Package,,,0,,,,,,Not Submitted
884,,KOL 884,Instagram,MTL 1,"200,000",Package,,,0,,,,,,Not Submitted
885,,KOL 885,Instagram,MTL 1,"200,000",Package,,,0,,,,,,Not Submitted
886,,KOL 886,Instagram,MKP 1,"200,000",Package,,,0,,,,,,Not Submitted
887,,KOL 887,Instagram,MKP 1,"200,000",Package,,,0,,,,,,Not Submitted
888,,KOL 888,Instagram,MKP 1,"200,000",Package,,,0,,,,,,Not Submitted
889,,KOL 889,Instagram,MKP 1,"200,000",Package,,,0,,,,,,Not Submitted
890,,KOL 890,Instagram,MKP 1,"200,000",Package,,,0,,,,,,Not Submitted
891,13-Jun,KOL 891,Instagram,MKP 1,"200,000",Package,"6,152",,0,,,,,0.00%,Not Submitted
892,29-May,KOL 892,Instagram,MTL 1,"200,000",Package,"1,318",,0,,,,,0.00%,Not Submitted
893,5-Jun,KOL 893,Instagram,MKP 1,"200,000",Package,263,,0,,,,,0.00%,Not Submitted
894,,KOL 894,Instagram,MKP 1,"200,000",Package,,,0,,,,,,Not Submitted
895,,KOL 895,Instagram,MTL 2,"200,000",Package,,,0,,,,,,Not Submitted
896,11-Jun,KOL 896,Instagram,MTL 2,"200,000",Package,600,,0,,,,,0.00%,Not Submitted
897,2-Jun,KOL 897,Instagram,MTL 2,"200,000",Package,"8,824",,0,,,,,0.00%,Not Submitted
898,28-May,KOL 898,Instagram,MTL 1,"200,000",Package,922,,0,,,,,0.00%,Not Submitted
899,11-Jun,KOL 899,Instagram,MTL 1,"200,000",Package,135,,0,,,,,0.00%,Not Submitted
900,3-Jun,KOL 900,Instagram,MTL 1,"200,000",Package,"4,439",,0,,,,,0.00%,Not Submitted
901,3-Jun,KOL 901,Instagram,MTL 1,"200,000",Package,"2,568",,0,,,,,0.00%,Not Submitted
902,5-Jun,KOL 902,Instagram,MKP 1,"200,000",Package,"2,581",,0,,,,,0.00%,Not Submitted
903,,KOL 903,Instagram,MKP 1,"200,000",Package,,,0,,,,,,Not Submitted
904,7-Jun,KOL 904,Instagram,MTL 1,"200,000",Package,"25,000",,0,,,,,0.00%,Not Submitted
905,,KOL 905,Instagram,MTL 1,"200,000",Package,,,0,,,,,,Not Submitted
906,,KOL 906,Instagram,MTL 1,"200,000",Package,,,0,,,,,,Not Submitted
907,7-Jun,KOL 907,Instagram,MTL 1,"200,000",Package,"2,473",,0,,,,,0.00%,Not Submitted
908,,KOL 908,Instagram,MTL,"200,000",Package,,,0,,,,,,Not Submitted
909,16-Jun,KOL 909,Instagram,MKP 1,"200,000",Package,364,,0,,,,,0.00%,Not Submitted
910,16-Jun,KOL 910,Instagram,MKP 1,"200,000",Package,"1,125",,0,,,,,0.00%,Not Submitted
911,,KOL 911,Instagram,MKP 1,"200,000",Package,,,0,,,,,,Not Submitted
912,11-Jun,KOL 912,Instagram,MKP 1,"200,000",Package,"1,032",,0,,,,,0.00%,Not Submitted
913,,KOL 913,Instagram,MKP 2,"200,000",Package,,,0,,,,,,Not Submitted
914,,KOL 914,Instagram,MKP 1,"200,000",Package,,,0,,,,,,Not Submitted
915,,KOL 915,Instagram,MKP 2,"200,000",Package,,,0,,,,,,Not Submitted
916,,KOL 916,Instagram,MKP 1,"200,000",Package,,,0,,,,,,Not Submitted
917,,KOL 917,Instagram,MKP 1,"200,000",Package,,,0,,,,,,Not Submitted
918,18-Jun,KOL 918,Instagram,MKP 1,"200,000",Package,888,,0,,,,,0.00%,Not Submitted
919,,KOL 919,Instagram,MTL 1,"200,000",Package,,,0,,,,,,Not Submitted
920,,KOL 920,Instagram,MTL 1,"200,000",Package,,,0,,,,,,Not Submitted
921,6-Jun,KOL 921,Instagram,MTL 1,"200,000",Package,"1,770",,0,,,,,0.00%,Not Submitted
922,1-Jun,KOL 922,Instagram,MTL 2,"200,000",Package,"1,064",,0,,,,,0.00%,Not Submitted
923,5-Jun,KOL 923,Instagram,MTL 2,"200,000",Package,318,,0,,,,,0.00%,Not Submitted
924,,KOL 924,Instagram,MTL 1,"200,000",Package,,,0,,,,,,Not Submitted
925,,KOL 925,Instagram,MTL 1,"200,000",Package,,,0,,,,,,Not Submitted
926,,KOL 926,Instagram,MTL 1,"200,000",Package,,,0,,,,,,Not Submitted
927,9-Jun,KOL 927,Instagram,MTL 1,"200,000",Package,722,,0,,,,,0.00%,Not Submitted
928,11-Jun,KOL 928,Instagram,MTL 1,"200,000",Package,444,,0,,,,,0.00%,Not Submitted
929,,KOL 929,Instagram,MTL 1,"200,000",Package,,,0,,,,,,Not Submitted
930,4-Jun,KOL 930,Instagram,MTL 1,"200,000",Package,272,,0,,,,,0.00%,Not Submitted
931,15-Jun,KOL 931,Instagram,MTL 1,"200,000",Package,"1,002",,0,,,,,0.00%,Not Submitted
932,18-Jun,KOL 932,Instagram,MTL 1,"200,000",Package,340,,0,,,,,0.00%,Not Submitted
933,,KOL 933,Instagram,MTL,"200,000",Package,,,0,,,,,,Not Submitted
934,,KOL 934,Instagram,MTL 1,"200,000",Package,,,0,,,,,,Not Submitted
935,10-Jun,KOL 935,Instagram,MTL 1,"200,000",Package,"21,400",,0,,,,,0.00%,Not Submitted
936,14-Jun,KOL 936,Instagram,MTL 1,"200,000",Package,"11,300",,0,,,,,0.00%,Not Submitted
937,13-Jun,KOL 937,Instagram,MTL 1,"200,000",Package,"6,685",,0,,,,,0.00%,Not Submitted
938,,KOL 938,Instagram,MTL 1,"200,000",Package,,,0,,,,,,Not Submitted
939,11-Jun,KOL 939,Instagram,MTL 1,"200,000",Package,307,,0,,,,,0.00%,Not Submitted
940,13-Jun,KOL 940,Instagram,MTL 1,"200,000",Package,823,,0,,,,,0.00%,Not Submitted
941,10-Jun,KOL 941,Instagram,MTL 1,"200,000",Package,"3,554",,0,,,,,0.00%,Not Submitted
942,,KOL 942,Instagram,MTL 1,"200,000",Package,,,0,,,,,,Not Submitted
943,13-Jun,KOL 943,Instagram,MTL 1,"200,000",Package,"1,327",,0,,,,,0.00%,Not Submitted
944,10-Jun,KOL 944,Instagram,MTL 1,"200,000",Package,"1,500",,0,,,,,0.00%,Not Submitted
945,8-Jun,KOL 945,Instagram,MTL 1,"200,000",Package,692,,0,,,,,0.00%,Not Submitted
946,,KOL 946,Instagram,MTL 1,"200,000",Package,,,0,,,,,,Not Submitted
947,13-Jun,KOL 947,Instagram,MTL 2,"200,000",Package,"10,800",,0,,,,,0.00%,Not Submitted
948,10-Jun,KOL 948,Instagram,MTL 1,"200,000",Package,"7,199",,0,,,,,0.00%,Not Submitted
949,,KOL 949,Instagram,MTL 2,"200,000",Package,,,0,,,,,,Not Submitted
950,,KOL 950,Instagram,MTL 2,"200,000",Package,,,0,,,,,,Not Submitted
951,,KOL 951,Instagram,MTL 1,"200,000",Package,,,0,,,,,,Not Submitted
952,,KOL 952,Instagram,MTL 1,"200,000",Package,,,0,,,,,,Not Submitted
953,13-Jun,KOL 953,Instagram,MTL 1,"200,000",Package,"2,816",,0,,,,,0.00%,Not Submitted
954,1-Jun,KOL 954,Instagram,MTL 1,"200,000",Package,"6,565",,0,,,,,0.00%,Not Submitted
955,15-Jun,KOL 955,Instagram,MTL 1,"200,000",Package,580,,0,,,,,0.00%,Not Submitted
956,1-Jun,KOL 956,Instagram,MTL 1,"200,000",Package,"4,123",,0,,,,,0.00%,Not Submitted
957,9-Jun,KOL 957,Instagram,MTL 1,"200,000",Package,"20,500",,0,,,,,0.00%,Not Submitted
958,,KOL 958,Instagram,MTL 1,"200,000",Package,,,0,,,,,,Not Submitted
959,,KOL 959,Instagram,MTL 1,"200,000",Package,,,0,,,,,,Not Submitted
960,,KOL 960,Instagram,MKP 1,"200,000",Package,,,0,,,,,,Not Submitted
961,,KOL 961,Instagram,MKP 1,"200,000",Package,,,0,,,,,,Not Submitted
962,,KOL 962,Instagram,MKP 1,"200,000",Package,,,0,,,,,,Not Submitted
963,16-Jun,KOL 963,Instagram,MKP 1,"200,000",Package,"19,800",,0,,,,,0.00%,Not Submitted
964,,KOL 964,Instagram,MKP 1,"200,000",Package,,,0,,,,,,Not Submitted
965,,KOL 965,Instagram,MKP 1,"200,000",Package,,,0,,,,,,Not Submitted
966,,KOL 966,Instagram,MKP 1,"200,000",Package,,,0,,,,,,Not Submitted
967,,KOL 967,Instagram,MKP 1,"200,000",Package,,,0,,,,,,Not Submitted
968,,KOL 968,Instagram,MTL 1,"200,000",Package,,,0,,,,,,Not Submitted
969,,KOL 969,Instagram,MTL 1,"200,000",Package,,,0,,,,,,Not Submitted
970,15-Jun,KOL 970,Instagram,MTL 1,"200,000",Package,988,,0,,,,,0.00%,Not Submitted
971,,KOL 971,Instagram,MTL 1,"200,000",Package,,,0,,,,,,Not Submitted
972,,KOL 972,Instagram,MTL 1,"200,000",Package,,,0,,,,,,Not Submitted
973,,KOL 973,Instagram,MKP 1,"200,000",Package,,,0,,,,,,Not Submitted
974,,KOL 974,Instagram,MKP 1,"200,000",Package,,,0,,,,,,Not Submitted
975,,KOL 975,Instagram,MKP 1,"200,000",Package,,,0,,,,,,Not Submitted
976,11-Jun,KOL 976,Instagram,MKP 1,"200,000",Package,,,0,,,,,,Not Submitted
977,,KOL 977,Instagram,MKP 1,"200,000",Package,,,0,,,,,,Not Submitted
978,,KOL 978,Instagram,MKP 1,"200,000",Package,,,0,,,,,,Not Submitted
979,,KOL 979,Instagram,MKP 1,"200,000",Package,,,0,,,,,,Not Submitted
980,,KOL 980,Instagram,MKP 1,"200,000",Package,,,0,,,,,,Not Submitted
981,,KOL 981,Instagram,MKP 1,"200,000",Package,,,0,,,,,,Not Submitted
982,15-Jun,KOL 982,Instagram,MKP 1,"200,000",Package,,,0,,,,,,Not Submitted
983,,KOL 983,Instagram,MKP 1,"200,000",Package,,,0,,,,,,Not Submitted
984,,KOL 984,Instagram,MKP 1,"200,000",Package,,,0,,,,,,Not Submitted
985,,KOL 985,Instagram,MKP 2,"200,000",Package,,,0,,,,,,Not Submitted
986,12-Jun,KOL 986,Instagram,MKP 1,"200,000",Package,,,0,,,,,,Not Submitted
987,,KOL 987,Instagram,MKP 1,"200,000",Package,,,0,,,,,,Not Submitted
988,,KOL 988,Instagram,MKP 1,"200,000",Package,,,0,,,,,,Not Submitted
989,,KOL 989,Instagram,MKP 1,"200,000",Package,,,0,,,,,,Not Submitted
990,,KOL 990,Instagram,MTL 2,"200,000",Package,,,0,,,,,,Not Submitted
991,,KOL 991,Instagram,MTL 2,"200,000",Package,,,0,,,,,,Not Submitted
992,2-Jun,KOL 992,Instagram,MTL 1,"200,000",Package,,,0,,,,,,Not Submitted
993,17-Jun,KOL 993,Instagram,MTL 2,"200,000",Package,,,0,,,,,,Not Submitted
994,,KOL 994,Instagram,MTL 3,"200,000",Package,,,0,,,,,,Not Submitted
995,17-Jun,KOL 995,Instagram,MTL 2,"200,000",Package,,,0,,,,,,Not Submitted
996,10-Jun,KOL 996,Instagram,MTL 2,"200,000",Package,,,0,,,,,,Not Submitted
997,10-Jun,KOL 997,Instagram,MTL 2,"200,000",Package,,,0,,,,,,Not Submitted
998,10-Jun,KOL 998,Instagram,MTL 2,"200,000",Package,,,0,,,,,,Not Submitted
999,,KOL 999,Instagram,MTL 2,"200,000",Package,,,0,,,,,,Not Submitted
"1,000",17-Jun,KOL 1000,Instagram,MTL 2,"200,000",Package,,,0,,,,,,Not Submitted
"1,001",17-Jun,KOL 1001,Instagram,MTL 2,"200,000",Package,,,0,,,,,,Not Submitted
"1,002",18-Jun,KOL 1002,Instagram,MTL 2,"200,000",Package,,,0,,,,,,Not Submitted
"1,003",12-Jun,KOL 1003,Instagram,MTL 2,"200,000",Package,,,0,,,,,,Not Submitted
"1,004",,KOL 1004,Instagram,MTL 2,"200,000",Package,,,0,,,,,,Not Submitted
"1,005",,KOL 1005,Instagram,MTL 2,"200,000",Package,,,0,,,,,,Not Submitted
"1,006",,KOL 1006,Instagram,MTL 2,"200,000",Package,,,0,,,,,,Not Submitted
"1,007",12-Jun,KOL 1007,Instagram,MTL 2,"200,000",Package,,,0,,,,,,Not Submitted
"1,008",,KOL 1008,Instagram,MTL 2,"200,000",Package,,,0,,,,,,Not Submitted
"1,009",,KOL 1009,Instagram,MTL 1,"200,000",Package,,,0,,,,,,Not Submitted
"1,010",,KOL 1010,Instagram,MKP 1,"200,000",Package,,,0,,,,,,Not Submitted
"1,011",,KOL 1011,Instagram,MKP 1,"200,000",Package,,,0,,,,,,Not Submitted
"1,012",,KOL 1012,Instagram,MKP 1,"200,000",Package,,,0,,,,,,Not Submitted
"1,013",,KOL 1013,Instagram,MKP 1,"200,000",Package,,,0,,,,,,Not Submitted
"1,014",,KOL 1014,Instagram,MKP 1,"200,000",Package,,,0,,,,,,Not Submitted
"1,015",,KOL 1015,Instagram,MKP 1,"200,000",Package,,,0,,,,,,Not Submitted
"1,016",,KOL 1016,Instagram,MKP 1,"200,000",Package,,,0,,,,,,Not Submitted
"1,017",9-Jun,KOL 1017,Instagram,MKP 1,"200,000",Package,,,0,,,,,,Not Submitted
"1,018",,KOL 1018,Instagram,MKP 1,"200,000",Package,,,0,,,,,,Not Submitted
"1,019",12-Jun,KOL 1019,Instagram,MKP 2,"200,000",Package,,,0,,,,,,Not Submitted
"1,020",,KOL 1020,Instagram,MKP 1,"200,000",Package,,,0,,,,,,Not Submitted
"1,021",,KOL 1021,Instagram,MKP 1,"200,000",Package,,,0,,,,,,Not Submitted
"1,022",,KOL 1022,Instagram,MKP 1,"200,000",Package,,,0,,,,,,Not Submitted
"1,023",,KOL 1023,Instagram,MKP 1,"200,000",Package,,,0,,,,,,Not Submitted
"1,024",,KOL 1024,Instagram,MKP 1,"200,000",Package,,,0,,,,,,Not Submitted
"1,025",18-Jun,KOL 1025,Instagram,MKP 1,"200,000",Package,,,0,,,,,,Not Submitted
"1,026",,KOL 1026,Instagram,MKP 1,"200,000",Package,,,0,,,,,,Not Submitted
"1,027",,KOL 1027,Instagram,MKP 1,"200,000",Package,,,0,,,,,,Not Submitted
"1,028",,KOL 1028,Instagram,MKP 1,"200,000",Package,,,0,,,,,,Not Submitted
"1,029",,KOL 1029,Instagram,MKP 1,"200,000",Package,,,0,,,,,,Not Submitted
"1,030",,KOL 1030,Instagram,MKP 2,"200,000",Package,,,0,,,,,,Not Submitted
"1,031",,KOL 1031,Instagram,MKP 1,"200,000",Package,,,0,,,,,,Not Submitted
"1,032",,KOL 1032,Instagram,MKP 1,"200,000",Package,,,0,,,,,,Not Submitted
"1,033",,KOL 1033,Instagram,MKP 1,"200,000",Package,,,0,,,,,,Not Submitted
"1,034",,KOL 1034,Instagram,MKP 1,"200,000",Package,,,0,,,,,,Not Submitted
"1,035",,KOL 1035,Instagram,MKP 1,"200,000",Package,,,0,,,,,,Not Submitted
"1,036",,KOL 1036,Instagram,MKP 1,"200,000",Package,,,0,,,,,,Not Submitted
"1,037",,KOL 1037,Instagram,MKP 1,"200,000",Package,,,0,,,,,,Not Submitted
"1,038",18-Jun,KOL 1038,Instagram,MKP 1,"200,000",Package,,,0,,,,,,Not Submitted
"1,039",16-Jun,KOL 1039,Instagram,MKP 1,"200,000",Package,,,0,,,,,,Not Submitted
"1,040",,KOL 1040,Instagram,MKP 1,"200,000",Package,,,0,,,,,,Not Submitted
"1,041",16-Jun,KOL 1041,Instagram,MKP 1,"200,000",Package,,,0,,,,,,Not Submitted
"1,042",14-Jun,KOL 1042,Instagram,MKP 1,"200,000",Package,,,0,,,,,,Not Submitted
"1,043",15-Jun,KOL 1043,Instagram,MKP 1,"200,000",Package,,,0,,,,,,Not Submitted
"1,044",,KOL 1044,Instagram,MKP 1,"200,000",Package,,,0,,,,,,Not Submitted
"1,045",12-Jun,KOL 1045,Instagram,MKP 1,"200,000",Package,,,0,,,,,,Not Submitted
"1,046",18-Jun,KOL 1046,Instagram,MKP 1,"200,000",Package,,,0,,,,,,Not Submitted
"1,047",11-Jun,KOL 1047,Instagram,MKP 1,"200,000",Package,,,0,,,,,,Not Submitted
"1,048",,KOL 1048,Instagram,MKP 1,"200,000",Package,,,0,,,,,,Not Submitted
"1,049",11-Jun,KOL 1049,Instagram,MKP 1,"200,000",Package,,,0,,,,,,Not Submitted
"1,050",,KOL 1050,Instagram,MKP 1,"200,000",Package,,,0,,,,,,Not Submitted
"1,051",14-Jun,KOL 1051,Instagram,MKP 1,"200,000",Package,,,0,,,,,,Not Submitted
"1,052",,KOL 1052,Instagram,MKP 1,"200,000",Package,,,0,,,,,,Not Submitted
"1,053",,KOL 1053,Instagram,MKP 1,"200,000",Package,,,0,,,,,,Not Submitted
"1,054",,KOL 1054,Instagram,MKP 1,"200,000",Package,,,0,,,,,,Not Submitted
"1,055",,KOL 1055,Instagram,MKP 1,"200,000",Package,,,0,,,,,,Not Submitted
"1,056",,KOL 1056,Instagram,MKP 2,"200,000",Package,,,0,,,,,,Not Submitted
"1,057",16-Jun,KOL 1057,Instagram,MKP 1,"200,000",Package,,,0,,,,,,Not Submitted
"1,058",,KOL 1058,Instagram,MKP 1,"200,000",Package,,,0,,,,,,Not Submitted
"1,059",,KOL 1059,Instagram,MKP 1,"200,000",Package,,,0,,,,,,Not Submitted
"1,060",,KOL 1060,Instagram,MKP 1,"200,000",Package,,,0,,,,,,Not Submitted
"1,061",,KOL 1061,Instagram,MKP 1,"200,000",Package,,,0,,,,,,Not Submitted
"1,062",,KOL 1062,Instagram,MKP 1,"200,000",Package,,,0,,,,,,Not Submitted
"1,063",14-Jun,KOL 1063,Instagram,MKP 1,"200,000",Package,,,0,,,,,,Not Submitted
"1,064",,KOL 1064,Instagram,MKP 1,"200,000",Package,,,0,,,,,,Not Submitted
"1,065",,KOL 1065,Instagram,MKP 1,"200,000",Package,,,0,,,,,,Not Submitted
"1,066",,KOL 1066,Instagram,MKP 1,"200,000",Package,,,0,,,,,,Not Submitted
"1,067",,KOL 1067,Instagram,MKP 1,"200,000",Package,,,0,,,,,,Not Submitted
"1,068",,KOL 1068,Instagram,MKP 1,"200,000",Package,,,0,,,,,,Not Submitted
"1,069",,KOL 1069,Instagram,MKP 1,"200,000",Package,,,0,,,,,,Not Submitted
"1,070",,KOL 1070,Instagram,MKP 2,"200,000",Package,,,0,,,,,,Not Submitted
"1,071",,KOL 1071,Instagram,MKP 2,"200,000",Package,,,0,,,,,,Not Submitted
"1,072",,KOL 1072,Instagram,MKP 1,"200,000",Package,,,0,,,,,,Not Submitted
"1,073",,KOL 1073,Instagram,MKP 1,"200,000",Package,,,0,,,,,,Not Submitted
"1,074",,KOL 1074,Instagram,MKP 1,"200,000",Package,,,0,,,,,,Not Submitted
"1,075",17-Jun,KOL 1075,Instagram,MTL 1,"200,000",Package,,,0,,,,,,Not Submitted
"1,076",,KOL 1076,Instagram,MKP 1,"200,000",Package,,,0,,,,,,Not Submitted
"1,077",,KOL 1077,Instagram,MKP 2,"200,000",Package,,,0,,,,,,Not Submitted
"1,078",,KOL 1078,Instagram,MKP 1,"200,000",Package,,,0,,,,,,Not Submitted
"1,079",,KOL 1079,Instagram,MKP 1,"200,000",Package,,,0,,,,,,Not Submitted
"1,080",,KOL 1080,Instagram,MKP 1,"200,000",Package,,,0,,,,,,Not Submitted
"1,081",,KOL 1081,Instagram,MKP 1,"200,000",Package,,,0,,,,,,Not Submitted
"1,082",,KOL 1082,Instagram,MKP 1,"200,000",Package,,,0,,,,,,Not Submitted
"1,083",,KOL 1083,Instagram,MKP 1,"200,000",Package,,,0,,,,,,Not Submitted
"1,084",,KOL 1084,Instagram,MTL 1,"200,000",Package,,,0,,,,,,Not Submitted
"1,085",15-Jun,KOL 1085,Instagram,MKP 1,"200,000",Package,,,0,,,,,,Not Submitted
"1,086",15-Jun,KOL 1086,Instagram,MKP 1,"200,000",Package,,,0,,,,,,Not Submitted
"1,087",,KOL 1087,Instagram,MKP 1,"200,000",Package,,,0,,,,,,Not Submitted
"1,088",,KOL 1088,Instagram,MKP 1,"200,000",Package,,,0,,,,,,Not Submitted
"1,089",,KOL 1089,Instagram,MKP 1,"200,000",Package,,,0,,,,,,Not Submitted
"1,090",,KOL 1090,Instagram,MKP 1,"200,000",Package,,,0,,,,,,Not Submitted
"1,091",,KOL 1091,Instagram,MKP 1,"200,000",Package,,,0,,,,,,Not Submitted
"1,092",,KOL 1092,Instagram,MKP 1,"200,000",Package,,,0,,,,,,Not Submitted
"1,093",,KOL 1093,Instagram,MKP 1,"200,000",Package,,,0,,,,,,Not Submitted
"1,094",,KOL 1094,Instagram,MKP 1,"200,000",Package,,,0,,,,,,Not Submitted
"1,095",,KOL 1095,Instagram,MKP 1,"200,000",Package,,,0,,,,,,Not Submitted
"1,096",,KOL 1096,Instagram,MKP 1,"200,000",Package,,,0,,,,,,Not Submitted
"1,097",,KOL 1097,Instagram,MKP 1,"200,000",Package,,,0,,,,,,Not Submitted
"1,098",,KOL 1098,Instagram,MKP 1,"200,000",Package,,,0,,,,,,Not Submitted
"1,099",,KOL 1099,Instagram,MKP 1,"200,000",Package,,,0,,,,,,Not Submitted
"1,100",,KOL 1100,Instagram,MKP 1,"200,000",Package,,,0,,,,,,Not Submitted
"1,101",18-Jun,KOL 1101,Instagram,MKP 1,"200,000",Package,,,0,,,,,,Not Submitted
"1,102",,KOL 1102,Instagram,MKP 1,"200,000",Package,,,0,,,,,,Not Submitted
"1,103",18-Jun,KOL 1103,Instagram,MTL 1,"200,000",Package,,,0,,,,,,Not Submitted
"1,104",,KOL 1104,Instagram,MKP 1,"200,000",Package,,,0,,,,,,Not Submitted
"1,105",,KOL 1105,Instagram,MKP 1,"200,000",Package,,,0,,,,,,Not Submitted
"1,106",18-Jun,KOL 1106,Instagram,MKP 1,"200,000",Package,,,0,,,,,,Not Submitted
"1,107",,KOL 1107,Instagram,MKP 1,"200,000",Package,,,0,,,,,,Not Submitted
"1,108",,KOL 1108,Instagram,MKP 1,"200,000",Package,,,0,,,,,,Not Submitted
"1,109",,KOL 1109,Instagram,MKP 1,"200,000",Package,,,0,,,,,,Not Submitted
"1,110",,KOL 1110,Instagram,MKP 1,"200,000",Package,,,0,,,,,,Not Submitted
"1,111",,KOL 1111,Instagram,MKP 1,"200,000",Package,,,0,,,,,,Not Submitted
"1,112",,KOL 1112,Instagram,MKP 1,"200,000",Package,,,0,,,,,,Not Submitted
"1,113",,KOL 1113,Instagram,MKP 1,"200,000",Package,,,0,,,,,,Not Submitted
"1,114",,KOL 1114,Instagram,MKP 1,"200,000",Package,,,0,,,,,,Not Submitted
"1,115",,KOL 1115,Instagram,MKP 1,"200,000",Package,,,0,,,,,,Not Submitted
"1,116",,KOL 1116,Instagram,MKP 1,"200,000",Package,,,0,,,,,,Not Submitted
"1,117",,KOL 1117,Instagram,MKP 1,"200,000",Package,,,0,,,,,,Not Submitted
"1,118",,KOL 1118,Instagram,MKP 1,"200,000",Package,,,0,,,,,,Not Submitted
"1,119",,KOL 1119,Instagram,MKP 1,"200,000",Package,,,0,,,,,,Not Submitted
"1,120",,KOL 1120,Instagram,MKP 1,"200,000",Package,,,0,,,,,,Not Submitted
"1,121",,KOL 1121,Instagram,MKP 1,"200,000",Package,,,0,,,,,,Not Submitted
"1,122",,KOL 1122,Instagram,MKP 1,"200,000",Package,,,0,,,,,,Not Submitted
"1,123",18-Jun,KOL 1123,Instagram,MKP 1,"200,000",Package,,,0,,,,,,Not Submitted
"1,124",,KOL 1124,Instagram,MKP 1,"200,000",Package,,,0,,,,,,Not Submitted
"1,125",,KOL 1125,Instagram,MKP 1,"200,000",Package,,,0,,,,,,Not Submitted
"1,126",,KOL 1126,Instagram,MKP 1,"200,000",Package,,,0,,,,,,Not Submitted
"1,127",,KOL 1127,Instagram,MKP 1,"200,000",Package,,,0,,,,,,Not Submitted
"1,128",,KOL 1128,Instagram,MKP 1,"200,000",Package,,,0,,,,,,Not Submitted
"1,129",,KOL 1129,Instagram,MKP 1,"200,000",Package,,,0,,,,,,Not Submitted
"1,130",18-Jun,KOL 1130,Instagram,MKP 1,"200,000",Package,,,0,,,,,,Not Submitted
"1,131",,KOL 1131,Instagram,MKP 1,"200,000",Package,,,0,,,,,,Not Submitted
"1,132",,KOL 1132,Instagram,MKP 1,"200,000",Package,,,0,,,,,,Not Submitted
"1,133",,KOL 1133,Instagram,MKP 1,"200,000",Package,,,0,,,,,,Not Submitted
"1,134",,KOL 1134,Instagram,MKP 1,"200,000",Package,,,0,,,,,,Not Submitted
"1,135",,KOL 1135,Instagram,MKP 1,"200,000",Package,,,0,,,,,,Not Submitted
"1,136",,KOL 1136,Instagram,MKP 1,"200,000",Package,,,0,,,,,,Not Submitted
"1,137",,KOL 1137,Instagram,MKP 1,"200,000",Package,,,,,,,,,Not Submitted
"1,138",,KOL 1138,Instagram,MKP 1,"200,000",Package,,,0,,,,,,Not Submitted
"1,139",,KOL 1139,Instagram,MKP 1,"200,000",Package,,,0,,,,,,Not Submitted
"1,140",,KOL 1140,Instagram,MKP 1,"200,000",Package,,,0,,,,,,Not Submitted
"1,141",,KOL 1141,Instagram,MKP 1,"200,000",Package,,,0,,,,,,Not Submitted
"1,142",,KOL 1142,Instagram,MKP 1,"200,000",Package,,,0,,,,,,Not Submitted
"1,143",,KOL 1143,Instagram,MKP 1,"200,000",Package,,,0,,,,,,Not Submitted
"1,144",,KOL 1144,Instagram,MKP 1,"200,000",Package,,,0,,,,,,Not Submitted
"1,145",,KOL 1145,Instagram,MKP 1,"200,000",Package,,,0,,,,,,Not Submitted
"1,146",,KOL 1146,Instagram,MKP 1,"200,000",Package,,,0,,,,,,Not Submitted
"1,147",,KOL 1147,Instagram,MKP 1,"200,000",Package,,,0,,,,,,Not Submitted
"1,148",,KOL 1148,Instagram,MKP 1,"200,000",Package,,,0,,,,,,Not Submitted
"1,149",,KOL 1149,Instagram,MKP 1,"200,000",Package,,,0,,,,,,Not Submitted
"1,150",,KOL 1150,Instagram,MKP 1,"200,000",Package,,,0,,,,,,Not Submitted
"1,151",,KOL 1151,Instagram,MKP 1,"200,000",Package,,,0,,,,,,Not Submitted
"1,152",,KOL 1152,Instagram,MKP 1,"200,000",Package,,,0,,,,,,Not Submitted
"1,153",,KOL 1153,Instagram,MKP 1,"200,000",Package,,,0,,,,,,Not Submitted
"1,154",,KOL 1154,Instagram,MKP 1,"200,000",Package,,,0,,,,,,Not Submitted
"1,155",,KOL 1155,Instagram,MKP 1,"200,000",Package,,,0,,,,,,Not Submitted
"1,156",,KOL 1156,Instagram,MKP 1,"200,000",Package,,,0,,,,,,Not Submitted
"1,157",,KOL 1157,Instagram,MKP 1,"200,000",Package,,,0,,,,,,Not Submitted
"1,158",,KOL 1158,Instagram,MKP 1,"200,000",Package,,,0,,,,,,Not Submitted
"1,159",,KOL 1159,Instagram,MKP 1,"200,000",Package,,,0,,,,,,Not Submitted
"1,160",,KOL 1160,Instagram,MKP 1,"200,000",Package,,,0,,,,,,Not Submitted
"1,161",,KOL 1161,Instagram,MKP 1,"200,000",Package,,,0,,,,,,Not Submitted
"1,162",,KOL 1162,Instagram,MKP 1,"200,000",Package,,,0,,,,,,Not Submitted
"1,163",,KOL 1163,Instagram,MKP 1,"200,000",Package,,,0,,,,,,Not Submitted
"1,164",,KOL 1164,Instagram,MKP 1,"200,000",Package,,,0,,,,,,Not Submitted
"1,165",,KOL 1165,Instagram,MKP 1,"200,000",Package,,,0,,,,,,Not Submitted
"1,166",,KOL 1166,Instagram,MKP 1,"200,000",Package,,,0,,,,,,Not Submitted
"1,167",,KOL 1167,Instagram,MKP 1,"200,000",Package,,,0,,,,,,Not Submitted
"1,168",,KOL 1168,Instagram,MKP 1,"200,000",Package,,,0,,,,,,Not Submitted
"1,169",,KOL 1169,Instagram,MTL 1,"200,000",Package,,,0,,,,,,Not Submitted
"1,170",,KOL 1170,Instagram,MTL 1,"200,000",Package,,,0,,,,,,Not Submitted
"1,171",,KOL 1171,Instagram,MTL 2,"200,000",Package,,,0,,,,,,Not Submitted
"1,172",,KOL 1172,Instagram,MTL 2,"200,000",Package,,,0,,,,,,Not Submitted
"1,173",,KOL 1173,Instagram,MTL 2,"200,000",Package,,,0,,,,,,Not Submitted
"1,174",,KOL 1174,Instagram,MTL 1,"200,000",Package,,,0,,,,,,Not Submitted
"1,175",,KOL 1175,Instagram,MKP 1,"200,000",Package,,,0,,,,,,Not Submitted
"1,176",,KOL 1176,Instagram,MKP 1,"200,000",Package,,,0,,,,,,Not Submitted
"1,177",,KOL 1177,Instagram,MKP 1,"200,000",Package,,,0,,,,,,Not Submitted
"1,178",,KOL 1178,Instagram,MKP 1,"200,000",Package,,,0,,,,,,Not Submitted
"1,179",,KOL 1179,Instagram,MKP 1,"200,000",Package,,,0,,,,,,Not Submitted
"1,180",,KOL 1180,Instagram,MKP 1,"200,000",Package,,,0,,,,,,Not Submitted
"1,181",,KOL 1181,Instagram,MKP 1,"200,000",Package,,,0,,,,,,Not Submitted
"1,182",,KOL 1182,Instagram,MKP 1,"200,000",Package,,,0,,,,,,Not Submitted
"1,183",,KOL 1183,Instagram,MKP 1,"200,000",Package,,,0,,,,,,Not Submitted
"1,184",,KOL 1184,Instagram,MKP,"200,000",Package,,,0,,,,,,Not Submitted
"1,185",,KOL 1185,Instagram,MKP 1,"200,000",Package,,,0,,,,,,Not Submitted
"1,186",,KOL 1186,Instagram,MKP 1,"200,000",Package,,,0,,,,,,Not Submitted
"1,187",,KOL 1187,Instagram,MKP,"200,000",Package,,,0,,,,,,Not Submitted
"1,188",,KOL 1188,Instagram,MKP 1,"200,000",Package,,,0,,,,,,Not Submitted
"1,189",,KOL 1189,Instagram,MKP,"200,000",Package,,,0,,,,,,Not Submitted
"1,190",,KOL 1190,Instagram,MKP 1,"200,000",Package,,,0,,,,,,Not Submitted
"1,191",,KOL 1191,Instagram,MKP 1,"200,000",Package,,,0,,,,,,Not Submitted
"1,192",,KOL 1192,Instagram,MKP,"200,000",Package,,,0,,,,,,Not Submitted
"1,193",,KOL 1193,Instagram,MKP,"200,000",Package,,,0,,,,,,Not Submitted
"1,194",,KOL 1194,Instagram,MKP,"200,000",Package,,,0,,,,,,Not Submitted
"1,195",,KOL 1195,Instagram,MKP,"200,000",Package,,,0,,,,,,Not Submitted
"1,196",,KOL 1196,Instagram,MKP 1,"200,000",Package,,,0,,,,,,Not Submitted
"1,197",,KOL 1197,Instagram,MKP,"200,000",Package,,,0,,,,,,Not Submitted
"1,198",,KOL 1198,Instagram,MKP 1,"200,000",Package,,,0,,,,,,Not Submitted
"1,199",,KOL 1199,Instagram,MKP 1,"200,000",Package,,,0,,,,,,Not Submitted
"1,200",,KOL 1200,Instagram,MKP,"200,000",Package,,,0,,,,,,Not Submitted
"1,201",,KOL 1201,Instagram,MKP 1,"200,000",Package,,,0,,,,,,Not Submitted
"1,202",,KOL 1202,Instagram,MKP,"200,000",Package,,,0,,,,,,Not Submitted
"1,203",,KOL 1203,Instagram,MKP 2,"200,000",Package,,,0,,,,,,Not Submitted
"1,204",,KOL 1204,Instagram,MKP 1,"200,000",Package,,,0,,,,,,Not Submitted
"1,205",,KOL 1205,Instagram,MKP 2,"200,000",Package,,,0,,,,,,Not Submitted
"1,206",,KOL 1206,Instagram,MKP 1,"200,000",Package,,,0,,,,,,Not Submitted
"1,207",,KOL 1207,Instagram,MKP 1,"200,000",Package,,,0,,,,,,Not Submitted
"1,208",,KOL 1208,Instagram,MKP 1,"200,000",Package,,,0,,,,,,Not Submitted
"1,209",,KOL 1209,Instagram,MKP 2,"200,000",Package,,,0,,,,,,Not Submitted
"1,210",,KOL 1210,Instagram,MKP 1,"200,000",Package,,,0,,,,,,Not Submitted
"1,211",,KOL 1211,Instagram,MKP 1,"200,000",Package,,,0,,,,,,Not Submitted
"1,212",,KOL 1212,Instagram,MKP 1,"200,000",Package,,,0,,,,,,Not Submitted
"1,213",,KOL 1213,Instagram,MKP 1,"200,000",Package,,,0,,,,,,Not Submitted
"1,214",,KOL 1214,Instagram,MTL 1,"200,000",Package,,,0,,,,,,Not Submitted
"1,215",,KOL 1215,Instagram,MTL 1,"200,000",Package,,,0,,,,,,Not Submitted
"1,216",,KOL 1216,Instagram,MTL 2,"200,000",Package,,,0,,,,,,Not Submitted
"1,217",,KOL 1217,Instagram,MTL 2,"200,000",Package,,,0,,,,,,Not Submitted
"1,218",,KOL 1218,Instagram,MTL 2,"200,000",Package,,,0,,,,,,Not Submitted
"1,219",,KOL 1219,Instagram,MTL 2,"200,000",Package,,,0,,,,,,Not Submitted
"1,220",,KOL 1220,Instagram,MTL 2,"200,000",Package,,,0,,,,,,Not Submitted
"1,221",,KOL 1221,Instagram,MTL 2,"200,000",Package,,,0,,,,,,Not Submitted
"1,222",,KOL 1222,Instagram,MTL 1,"200,000",Package,,,0,,,,,,Not Submitted
"1,223",,KOL 1223,Instagram,MTL 2,"200,000",Package,,,0,,,,,,Not Submitted
"1,224",,KOL 1224,Instagram,MTL 2,"200,000",Package,,,0,,,,,,Not Submitted
"1,225",,KOL 1225,Instagram,MTL 1,"200,000",Package,,,0,,,,,,Not Submitted
"1,226",,KOL 1226,Instagram,MTL 2,"200,000",Package,,,0,,,,,,Not Submitted
"1,227",,KOL 1227,Instagram,MTL 2,"200,000",Package,,,0,,,,,,Not Submitted
"1,228",,KOL 1228,Instagram,MTL 1,"200,000",Package,,,0,,,,,,Not Submitted
"1,229",,KOL 1229,Instagram,MTL 2,"200,000",Package,,,0,,,,,,Not Submitted
"1,230",,KOL 1230,Instagram,MTL 2,"200,000",Package,,,0,,,,,,Not Submitted
"1,231",,KOL 1231,Instagram,MTL 2,"200,000",Package,,,0,,,,,,Not Submitted
"1,232",,KOL 1232,Instagram,MTL 1,"200,000",Package,,,0,,,,,,Not Submitted
"1,233",,KOL 1233,Instagram,MTL 1,"200,000",Package,,,0,,,,,,Not Submitted
"1,234",,KOL 1234,Instagram,MTL 2,"200,000",Package,,,0,,,,,,Not Submitted
"1,235",,KOL 1235,Instagram,MKP 1,"200,000",Package,,,0,,,,,,Not Submitted
"1,236",,KOL 1236,Instagram,MKP,"200,000",Package,,,0,,,,,,Not Submitted
"1,237",,KOL 1237,Instagram,MKP,"200,000",Package,,,0,,,,,,Not Submitted
"1,238",,KOL 1238,Instagram,MKP,"200,000",Package,,,0,,,,,,Not Submitted
"1,239",,KOL 1239,Instagram,MKP,"200,000",Package,,,0,,,,,,Not Submitted
"1,240",,KOL 1240,Instagram,MKP,"200,000",Package,,,0,,,,,,Not Submitted
"1,241",,KOL 1241,Instagram,MKP,"200,000",Package,,,0,,,,,,Not Submitted
"1,242",,KOL 1242,Instagram,MKP,"200,000",Package,,,0,,,,,,Not Submitted
"1,243",,KOL 1243,Instagram,MKP,"200,000",Package,,,0,,,,,,Not Submitted
"1,244",,KOL 1244,Instagram,MKP,"200,000",Package,,,0,,,,,,Not Submitted
"1,245",,KOL 1245,Instagram,MKP,"200,000",Package,,,0,,,,,,Not Submitted
"1,246",,KOL 1246,Instagram,MKP,"200,000",Package,,,0,,,,,,Not Submitted
"1,247",,KOL 1247,Instagram,MKP,"200,000",Package,,,0,,,,,,Not Submitted
"1,248",,KOL 1248,Instagram,MKP 1,"200,000",Package,,,0,,,,,,Not Submitted
"1,249",,KOL 1249,Instagram,MKP 1,"200,000",Package,,,0,,,,,,Not Submitted
"1,250",,KOL 1250,Instagram,MKP 1,"200,000",Package,,,0,,,,,,Not Submitted
"1,251",,KOL 1251,Instagram,MKP 1,"200,000",Package,,,0,,,,,,Not Submitted
"1,252",,KOL 1252,Instagram,MKP 1,"200,000",Package,,,0,,,,,,Not Submitted
"1,253",,KOL 1253,Instagram,MKP 2,"200,000",Package,,,0,,,,,,Not Submitted
"1,254",10-Jun,KOL 1254,Instagram,MKP 1,"200,000",Package,,,0,,,,,,Not Submitted
"1,255",,KOL 1255,Instagram,MKP 1,"200,000",Package,,,0,,,,,,Not Submitted
"1,256",,KOL 1256,Instagram,MKP 1,"200,000",Package,,,0,,,,,,Not Submitted
"1,257",,KOL 1257,Instagram,MKP 1,"200,000",Package,,,0,,,,,,Not Submitted
"1,258",,KOL 1258,Instagram,MKP 2,"200,000",Package,,,0,,,,,,Not Submitted
"1,259",,KOL 1259,Instagram,MKP 2,"200,000",Package,,,0,,,,,,Not Submitted
"1,260",,KOL 1260,Instagram,MKP 2,"200,000",Package,,,0,,,,,,Not Submitted
"1,261",,KOL 1261,Instagram,MKP 2,"200,000",Package,,,0,,,,,,Not Submitted
"1,262",,KOL 1262,Instagram,MKP 2,"200,000",Package,,,0,,,,,,Not Submitted
"1,263",,KOL 1263,Instagram,MKP 1,"200,000",Package,,,0,,,,,,Not Submitted
"1,264",,KOL 1264,Instagram,MKP 2,"200,000",Package,,,0,,,,,,Not Submitted
"1,265",,KOL 1265,Instagram,MKP 1,"200,000",Package,,,0,,,,,,Not Submitted
"1,266",,KOL 1266,Instagram,MKP 1,"200,000",Package,,,0,,,,,,Not Submitted
"1,267",,KOL 1267,Instagram,MKP 1,"200,000",Package,,,0,,,,,,Not Submitted
"1,268",,KOL 1268,Instagram,MTL 1,"200,000",Package,,,0,,,,,,Not Submitted
"1,269",,KOL 1269,Instagram,MTL 2,"200,000",Package,,,0,,,,,,Not Submitted
"1,270",,KOL 1270,Instagram,MTL 2,"200,000",Package,,,0,,,,,,Not Submitted
"1,271",,KOL 1271,Instagram,MTL 1,"200,000",Package,,,0,,,,,,Not Submitted
"1,272",,KOL 1272,Instagram,MTL 2,"200,000",Package,,,0,,,,,,Not Submitted
"1,273",,KOL 1273,Instagram,MTL 2,"200,000",Package,,,0,,,,,,Not Submitted
"1,274",,KOL 1274,Instagram,MTL 1,"200,000",Package,,,0,,,,,,Not Submitted
"1,275",,KOL 1275,Instagram,MTL 2,"200,000",Package,,,0,,,,,,Not Submitted
"1,276",,KOL 1276,Instagram,MKP 1,"200,000",Package,,,0,,,,,,Not Submitted
"1,277",,KOL 1277,Instagram,MKP 1,"200,000",Package,,,0,,,,,,Not Submitted
"1,278",,KOL 1278,Instagram,MKP 1,"200,000",Package,,,0,,,,,,Not Submitted
"1,279",,KOL 1279,Instagram,MKP 1,"200,000",Package,,,0,,,,,,Not Submitted
"1,280",,KOL 1280,Instagram,MKP 1,"200,000",Package,,,0,,,,,,Not Submitted
"1,281",,KOL 1281,Instagram,MKP 1,"200,000",Package,,,0,,,,,,Not Submitted
"1,282",,KOL 1282,Instagram,MKP 1,"200,000",Package,,,0,,,,,,Not Submitted
"1,283",,KOL 1283,Instagram,MKP 1,"200,000",Package,,,0,,,,,,Not Submitted
"1,284",,KOL 1284,Instagram,MKP 1,"200,000",Package,,,0,,,,,,Not Submitted
"1,285",,KOL 1285,Instagram,MKP 1,"200,000",Package,,,0,,,,,,Not Submitted
"1,286",,KOL 1286,Instagram,MKP 2,"200,000",Package,,,0,,,,,,Not Submitted
"1,287",,KOL 1287,Instagram,MKP 2,"200,000",Package,,,0,,,,,,Not Submitted
"1,288",,KOL 1288,Instagram,MKP 2,"200,000",Package,,,0,,,,,,Not Submitted
"1,289",,KOL 1289,Instagram,MKP 1,"200,000",Package,,,0,,,,,,Not Submitted
"1,290",,KOL 1290,Instagram,MTL 1,"200,000",Package,,,0,,,,,,Not Submitted
"1,291",,KOL 1291,Instagram,MTL 1,"200,000",Package,,,0,,,,,,Not Submitted
"1,292",,KOL 1292,Instagram,MTL 1,"200,000",Package,,,0,,,,,,Not Submitted
"1,293",,KOL 1293,Instagram,MTL 1,"200,000",Package,,,0,,,,,,Not Submitted
"1,294",,KOL 1294,Instagram,MTL 1,"200,000",Package,,,0,,,,,,Not Submitted
"1,295",,KOL 1295,Instagram,MTL 1,"200,000",Package,,,0,,,,,,Not Submitted
"1,296",,KOL 1296,Instagram,MTL 2,"200,000",Package,,,0,,,,,,Not Submitted
"1,297",,KOL 1297,Instagram,MTL 2,"200,000",Package,,,0,,,,,,Not Submitted
"1,298",,KOL 1298,Instagram,MTL 2,"200,000",Package,,,0,,,,,,Not Submitted
"1,299",,KOL 1299,Instagram,MTL 2,"200,000",Package,,,0,,,,,,Not Submitted
"1,300",,KOL 1300,Instagram,MTL 2,"200,000",Package,,,0,,,,,,Not Submitted
"1,301",20-Mar,KOL 1,Tiktok,,0,Package,273,231,16,11,3,2,0,5.86%,Submitted
"1,302",18-Mar,KOL 2,Tiktok,,0,Package,"11,100","11,200",273,188,2,52,31,2.46%,Submitted
"1,303",16-Mar,KOL 3,Tiktok,,0,Package,774,524,615,228,18,210,159,79.46%,Submitted
"1,304",22-Mar,KOL 4,Tiktok,,0,Package,"667,500","382,400","10,541","7,818",55,55,"2,613",1.58%,Submitted
"1,305",19-Mar,KOL 5,Tiktok,,0,Package,221,200,13,12,0,1,0,5.88%,Submitted
"1,306",16-Mar,KOL 6,Tiktok,,0,Package,"5,818","1,200",360,266,59,11,24,6.19%,Submitted
"1,307",19-Mar,KOL 7,Tiktok,,0,Package,331,277,142,42,51,23,26,42.90%,Submitted
"1,308",16-Mar,KOL 8,Tiktok,,0,Package,506,405,84,39,32,7,6,16.60%,Submitted
"1,309",21-Mar,KOL 9,Tiktok,,0,Package,"12,100",400,"1,541",875,152,305,209,12.74%,Submitted
"1,310",20-Mar,KOL 10,Tiktok,,0,Package,600,99,27,9,3,1,14,4.50%,Submitted
"1,311",16-Mar,KOL 11,Tiktok,,0,Package,490,383,289,132,79,72,6,58.98%,Submitted
"1,312",22-Mar,KOL 12,Tiktok,,0,Package,"196,400","1,600","2,792","1,386",17,1,"1,388",1.42%,Submitted
"1,313",17-Mar,KOL 13,Tiktok,,0,Package,"2,224","2,000",402,313,38,31,20,18.08%,Submitted
"1,314",21-Mar,KOL 14,Tiktok,,0,Package,139,122,9,6,2,0,1,6.47%,Submitted
"1,315",17-Mar,KOL 15,Tiktok,,0,Package,"6,089","4,800",45,11,31,0,3,0.74%,Submitted
"1,316",19-Mar,KOL 16,Tiktok,,0,Package,"2,071","1,968",229,215,4,2,8,11.06%,Submitted
"1,317",23-Mar,KOL 17,Tiktok,,0,Package,121,109,6,3,2,1,0,4.96%,Submitted
"1,318",22-Mar,KOL 18,Tiktok,,0,Package,273,242,21,21,0,0,0,7.69%,Submitted
"1,319",20-Mar,KOL 19,Tiktok,,0,Package,"7,662",455,143,76,59,1,7,1.87%,Submitted
"1,320",17-Mar,KOL 20,Tiktok,,0,Package,"7,470",207,314,199,51,57,7,4.20%,Submitted
"1,321",19-Mar,KOL 21,Tiktok,,0,Package,"64,000",695,"1,094","1,057",25,7,5,1.71%,Submitted
"1,322",21-Mar,KOL 22,Tiktok,,0,Package,"12,800","4,200",235,166,50,16,3,1.84%,Submitted
"1,323",18-Mar,KOL 23,Tiktok,,0,Package,"21,900","13,000",434,378,45,4,7,1.98%,Submitted
"1,324",23-Mar,KOL 24,Tiktok,,0,Package,295,271,16,12,2,2,0,5.42%,Submitted
"1,325",17-Mar,KOL 25,Tiktok,,0,Package,289,105,80,35,23,11,11,27.68%,Submitted
"1,326",24-Mar,KOL 26,Tiktok,,0,Package,"2,136",159,"1,008",760,0,175,73,47.19%,Submitted
"1,327",20-Mar,KOL 27,Tiktok,,0,Package,"33,900",334,221,157,29,32,3,0.65%,Submitted
"1,328",18-Mar,KOL 28,Tiktok,,0,Package,"2,692",206,645,575,22,3,45,23.96%,Submitted
"1,329",19-Mar,KOL 29,Tiktok,,0,Package,"2,677",114,275,216,4,2,53,10.27%,Submitted
"1,330",18-Mar,KOL 30,Tiktok,,0,Package,"6,657","3,173",541,511,5,25,0,8.13%,Submitted
"1,331",21-Mar,KOL 31,Tiktok,,0,Package,"1,795","1,600",205,202,0,3,0,11.42%,Submitted
"1,332",16-Mar,KOL 32,Tiktok,,0,Package,93,69,3,2,0,1,0,3.23%,Submitted
"1,333",20-Mar,KOL 33,Tiktok,,0,Package,"13,927","12,600",401,387,10,3,1,2.88%,Submitted
"1,334",17-Mar,KOL 34,Tiktok,,0,Package,"16,900",391,866,664,82,25,95,5.12%,Submitted
"1,335",22-Mar,KOL 35,Tiktok,,0,Package,"4,071",117,35,15,12,3,5,0.86%,Submitted
"1,336",18-Mar,KOL 36,Tiktok,,0,Package,283,230,9,7,2,0,0,3.18%,Submitted
"1,337",20-Mar,KOL 37,Tiktok,,0,Package,"7,342","5,383",312,309,0,1,2,4.25%,Submitted
"1,338",19-Mar,KOL 38,Tiktok,,0,Package,356,320,20,14,0,0,6,5.62%,Submitted
"1,339",21-Mar,KOL 39,Tiktok,,0,Package,"1,323",231,78,45,29,1,3,5.90%,Submitted
"1,340",23-Mar,KOL 40,Tiktok,,0,Package,"13,700",297,123,28,15,66,14,0.90%,Submitted
"1,341",23-Mar,KOL 41,Tiktok,,0,Package,253,222,5,5,0,0,0,1.98%,Submitted
"1,342",16-Mar,KOL 42,Tiktok,,0,Package,"12,400",309,"1,727","1,081",149,270,227,13.93%,Submitted
"1,343",19-Mar,KOL 43,Tiktok,,0,Package,333,272,43,16,18,2,7,12.91%,Submitted
"1,344",1-Apr,KOL 44,Tiktok,,0,Package,"3,419",,0,,,,,0.00%,Submitted
"1,345",11-Apr,KOL 45,Tiktok,,0,Package,154,,0,,,,,0.00%,Not Submitted
"1,346",7-Apr,KOL 46,Tiktok,,0,Package,"13,133",163,122,111,9,1,1,0.93%,Submitted
"1,347",18-Mar,KOL 47,Tiktok,,0,Package,317,439,153,150,0,0,3,48.26%,Submitted
"1,348",18-Mar,KOL 48,Tiktok,,0,Package,"1,933","1,500",81,68,1,9,3,4.19%,Submitted
"1,349",18-Mar,KOL 49,Tiktok,,0,Package,"1,613",157,162,127,20,12,3,10.04%,Submitted
"1,350",29-Mar,KOL 50,Tiktok,,0,Package,"12,006","11,116",617,472,15,90,40,5.14%,Submitted
"1,351",26-Mar,KOL 51,Tiktok,,0,Package,"6,037","1,100",240,240,0,0,0,3.98%,Submitted
"1,352",11-Apr,KOL 52,Tiktok,,0,Package,"9,004",,7,7,0,0,0,0.08%,Not Submitted
"1,353",30-Mar,KOL 53,Tiktok,,0,Package,652,305,25,16,2,5,2,3.83%,Submitted
"1,354",19-Mar,KOL 54,Tiktok,,0,Package,"10,000","1,100",240,240,0,0,0,2.40%,Submitted
"1,355",21-Mar,KOL 55,Tiktok,,0,Package,"21,400","13,200","1,805","1,665",32,106,2,8.43%,Submitted
"1,356",19-Mar,KOL 56,Tiktok,,0,Package,"1,588",308,74,44,9,1,20,4.66%,Submitted
"1,357",19-Mar,KOL 57,Tiktok,,0,Package,512,406,232,222,0,3,7,45.31%,Submitted
"1,358",12-Apr,KOL 58,Tiktok,,0,Package,"18,600",,76,38,36,1,1,0.41%,Not Submitted
"1,359",20-Mar,KOL 59,Tiktok,,0,Package,445,280,307,152,43,107,5,68.99%,Submitted
"1,360",22-Mar,KOL 60,Tiktok,,0,Package,"1,195",865,292,233,29,3,27,24.44%,Submitted
"1,361",18-Mar,KOL 61,Tiktok,,0,Package,"69,600","4,100","5,038","4,527",37,472,2,7.24%,Submitted
"1,362",21-Mar,KOL 62,Tiktok,,0,Package,"2,378","2,000",165,146,3,6,10,6.94%,Submitted
"1,363",12-Apr,KOL 63,Tiktok,,0,Package,"23,500",,403,202,32,163,6,1.71%,Not Submitted
"1,364",31-Mar,KOL 64,Tiktok,,0,Package,"2,155",125,134,81,21,14,18,6.22%,Submitted
"1,365",,KOL 65,Tiktok,,0,Package,,,0,,,,,,Not Submitted
"1,366",3-Apr,KOL 66,Tiktok,,0,Package,"2,182",125,134,81,21,14,18,6.14%,Submitted
"1,367",30-Mar,KOL 67,Tiktok,,0,Package,154,126,11,10,0,0,1,7.14%,Submitted
"1,368",,KOL 68,Tiktok,,0,Package,,,0,,,,,,Not Submitted
"1,369",11-May,KOL 69,Tiktok,,0,Package,109,,12,9,2,0,1,11.01%,Not Submitted
"1,370",29-Mar,KOL 70,Tiktok,,0,Package,"19,755",574,358,352,2,0,4,1.81%,Submitted
"1,371",,KOL 71,Tiktok,,0,Package,,,0,,,,,,Not Submitted
"1,372",22-Mar,KOL 72,Tiktok,,0,Package,"60,000","60,000","1,119",208,0,700,211,1.87%,Submitted
"1,373",,KOL 73,Tiktok,,0,Package,244,,7,6,1,0,0,2.87%,Not Submitted
"1,374",25-Mar,KOL 74,Tiktok,,0,Package,279,247,90,38,11,22,19,32.26%,Submitted
"1,375",20-Apr,KOL 75,Tiktok,,0,Package,"13,200",119,387,229,28,13,117,2.93%,Submitted
"1,376",29-Mar,KOL 76,Tiktok,,0,Package,"117,726",273,"2,966","1,899",112,730,225,2.52%,Submitted
"1,377",27-Mar,KOL 77,Tiktok,,0,Package,"7,182",138,135,117,0,16,2,1.88%,Submitted
"1,378",27-Mar,KOL 78,Tiktok,,0,Package,"17,700",268,570,531,38,0,1,3.22%,Submitted
"1,379",19-Mar,KOL 79,Tiktok,,0,Package,415,342,120,66,46,7,1,28.92%,Submitted
"1,380",3-Apr,KOL 80,Tiktok,,0,Package,183,168,21,19,0,2,0,11.48%,Submitted
"1,381",20-Mar,KOL 81,Tiktok,,0,Package,"17,500",247,896,389,21,474,12,5.12%,Submitted
"1,382",19-Mar,KOL 82,Tiktok,,0,Package,875,688,53,43,9,1,0,6.06%,Submitted
"1,383",10-Apr,KOL 83,Tiktok,,0,Package,169,140,12,11,1,0,0,7.10%,Submitted
"1,384",28-Mar,KOL 84,Tiktok,,0,Package,"6,378","3,900",315,280,21,0,14,4.94%,Submitted
"1,385",,KOL 85,Tiktok,,0,Package,,,0,,,,,,Not Submitted
"1,386",27-Mar,KOL 86,Tiktok,,0,Package,"7,182",355,247,120,108,11,8,3.44%,Submitted
"1,387",30-Mar,KOL 87,Tiktok,,0,Package,"6,386","1,987",101,89,10,1,1,1.58%,Submitted
"1,388",27-Mar,KOL 88,Tiktok,,0,Package,"56,377","1,038",421,366,19,18,18,0.75%,Submitted
"1,389",10-Apr,KOL 89,Tiktok,,0,Package,364,275,180,96,29,31,24,49.45%,Submitted
"1,390",5-Apr,KOL 90,Tiktok,,0,Package,"28,900","2,600",788,696,42,5,45,2.73%,Submitted
"1,391",,KOL 91,Tiktok,,0,Package,,,0,,,,,,Not Submitted
"1,392",22-Mar,KOL 92,Tiktok,,0,Package,836,414,390,311,52,23,4,46.65%,Submitted
"1,393",28-Mar,KOL 93,Tiktok,,0,Package,302,248,8,6,2,0,0,2.65%,Submitted
"1,394",7-May,KOL 94,Tiktok,,0,Package,"13,000","5,400",625,559,27,2,37,4.81%,Submitted
"1,395",29-Mar,KOL 95,Tiktok,,0,Package,"1,680","1,590",133,114,19,0,0,7.92%,Submitted
"1,396",9-Apr,KOL 96,Tiktok,,0,Package,"7,779","8,000",467,242,5,106,114,6.00%,Submitted
"1,397",25-Mar,KOL 97,Tiktok,,0,Package,"1,000,000","985,200","4,992",901,85,"2,955","1,051",0.50%,Submitted
"1,398",,KOL 98,Tiktok,,0,Package,"2,366",,159,145,2,5,7,6.72%,Not Submitted
"1,399",19-May,KOL 99,Tiktok,,0,Package,"7,565",,0,,,,,0.00%,Not Submitted
"1,400",,KOL 100,Tiktok,,0,Package,,,0,,,,,,Not Submitted
"1,401",22-Mar,KOL 101,Tiktok,,0,Package,328,258,45,32,5,4,4,13.72%,Submitted
"1,402",20-Mar,KOL 102,Tiktok,,0,Package,"20,534",256,37,24,0,0,13,0.18%,Submitted
"1,403",,KOL 103,Tiktok,,0,Package,,,0,,,,,,Not Submitted
"1,404",23-Mar,KOL 104,Tiktok,,0,Package,272,"9,300",105,37,23,29,16,38.60%,Submitted
"1,405",,KOL 105,Tiktok,,0,Package,,,0,,,,,,Not Submitted
"1,406",11-Apr,KOL 106,Tiktok,,0,Package,"6,762",130,7,6,0,1,0,0.10%,Submitted
"1,407",12-Apr,KOL 107,Tiktok,,0,Package,392,102,3,3,0,0,0,0.77%,Submitted
"1,408",24-Mar,KOL 108,Tiktok,,0,Package,"54,300","4,900","3,571","1,146",19,"1,332","1,074",6.58%,Submitted
"1,409",,KOL 109,Tiktok,,0,Package,,,0,,,,,,Not Submitted
"1,410",24-Mar,KOL 110,Tiktok,,0,Package,"14,700","2,100",885,822,51,4,8,6.02%,Submitted
"1,411",24-Mar,KOL 111,Tiktok,,0,Package,195,228,391,369,0,1,21,200.51%,Submitted
"1,412",26-Mar,KOL 112,Tiktok,,0,Package,"16,200",241,166,73,20,55,18,1.02%,Submitted
"1,413",14-Apr,KOL 113,Tiktok,,0,Package,"11,600",224,85,74,4,1,6,0.73%,Submitted
"1,414",25-Apr,KOL 114,Tiktok,,0,Package,440,347,435,381,22,11,21,98.86%,Submitted
"1,415",19-Mar,KOL 115,Tiktok,,0,Package,"20,400","1,300",511,380,72,35,24,2.50%,Submitted
"1,416",21-Mar,KOL 116,Tiktok,,0,Package,"135,500",851,"1,782","1,738",29,3,12,1.32%,Submitted
"1,417",20-Mar,KOL 117,Tiktok,,0,Package,"13,100",781,95,38,17,8,32,0.73%,Submitted
"1,418",24-Mar,KOL 118,Tiktok,,0,Package,"3,470",244,50,34,10,4,2,1.44%,Submitted
"1,419",21-Mar,KOL 119,Tiktok,,0,Package,"56,408","52,300",531,489,16,23,3,0.94%,Submitted
"1,420",29-Mar,KOL 120,Tiktok,,0,Package,"4,746","1,800",369,295,4,6,64,7.77%,Submitted
"1,421",15-Apr,KOL 121,Tiktok,,0,Package,"6,573",,0,,,,,0.00%,Not Submitted
"1,422",21-Mar,KOL 122,Tiktok,,0,Package,246,210,11,10,0,0,1,4.47%,Submitted
"1,423",28-Mar,KOL 123,Tiktok,,0,Package,"4,793",156,135,119,10,4,2,2.82%,Submitted
"1,424",17-Mar,KOL 124,Tiktok,,0,Package,"11,500",498,485,349,76,31,29,4.22%,Submitted
"1,425",18-Mar,KOL 125,Tiktok,,0,Package,"23,400","22,600","2,143",565,53,120,"1,405",9.16%,Submitted
"1,426",24-Mar,KOL 126,Tiktok,,0,Package,"10,800",564,662,67,52,1,542,6.13%,Submitted
"1,427",20-Mar,KOL 127,Tiktok,,0,Package,307,254,16,11,2,2,1,5.21%,Submitted
"1,428",18-Mar,KOL 128,Tiktok,,0,Package,"10,800",67,578,529,32,14,3,5.35%,Submitted
"1,429",21-Mar,KOL 129,Tiktok,,0,Package,"23,200",630,488,462,0,24,2,2.10%,Submitted
"1,430",21-Mar,KOL 130,Tiktok,,0,Package,"1,815","1,500",239,208,25,3,3,13.17%,Submitted
"1,431",2-Apr,KOL 131,Tiktok,,0,Package,"6,193",,0,,,,,0.00%,Not Submitted
"1,432",30-Mar,KOL 132,Tiktok,,0,Package,"1,672",230,103,102,0,1,0,6.16%,Submitted
"1,433",25-Mar,KOL 133,Tiktok,,0,Package,"9,200","1,700",275,212,27,11,25,2.99%,Submitted
"1,434",22-Mar,KOL 134,Tiktok,,0,Package,"11,400","3,000","1,195","1,049",27,100,19,10.48%,Submitted
"1,435",20-Mar,KOL 135,Tiktok,,0,Package,"11,800","9,600",452,388,24,26,14,3.83%,Submitted
"1,436",19-Apr,KOL 136,Tiktok,,0,Package,"2,115","2,000",279,251,14,8,6,13.19%,Submitted
"1,437",18-Mar,KOL 137,Tiktok,,0,Package,"23,000",592,886,544,34,179,129,3.85%,Submitted
"1,438",28-Mar,KOL 138,Tiktok,,0,Package,201,143,16,16,0,0,0,7.96%,Submitted
"1,439",23-Mar,KOL 139,Tiktok,,0,Package,"23,600",421,490,254,32,6,198,2.08%,Submitted
"1,440",20-Mar,KOL 140,Tiktok,,0,Package,"14,800","9,500","1,186","1,135",20,5,26,8.01%,Submitted
"1,441",24-Mar,KOL 141,Tiktok,,0,Package,152,123,82,28,51,3,0,53.95%,Submitted
"1,442",24-Mar,KOL 142,Tiktok,,0,Package,266,233,11,10,0,0,1,4.14%,Submitted
"1,443",2-Apr,KOL 143,Tiktok,,0,Package,"5,798",,474,446,18,4,6,8.18%,Submitted
"1,444",29-Mar,KOL 144,Tiktok,,0,Package,"4,505",252,289,261,25,2,1,6.42%,Submitted
"1,445",17-Mar,KOL 145,Tiktok,,0,Package,"2,206","1,700",341,321,6,5,9,15.46%,Submitted
"1,446",31-Mar,KOL 146,Tiktok,,0,Package,"45,600",405,"1,561","1,167",71,205,118,3.42%,Submitted
"1,447",12-Apr,KOL 147,Tiktok,,0,Package,"10,600",,0,,,,,0.00%,Not Submitted
"1,448",28-Apr,KOL 148,Tiktok,,0,Package,102,,0,,,,,0.00%,Not Submitted
"1,449",,KOL 149,Tiktok,,0,Package,,,0,,,,,,Not Submitted
"1,450",9-Apr,KOL 150,Tiktok,,0,Package,"3,666",147,99,45,50,1,3,2.70%,Submitted
"1,451",25-Mar,KOL 151,Tiktok,,0,Package,302,283,62,32,27,3,0,20.53%,Submitted
"1,452",14-Apr,KOL 152,Tiktok,,0,Package,431,356,35,35,0,0,0,8.12%,Submitted
"1,453",19-Mar,KOL 153,Tiktok,,0,Package,239,202,7,7,0,0,0,2.93%,Submitted
"1,454",22-Mar,KOL 154,Tiktok,,0,Package,186,157,8,6,1,1,0,4.30%,Submitted
"1,455",18-Mar,KOL 155,Tiktok,,0,Package,228,198,5,4,0,0,1,2.19%,Submitted
"1,456",21-Mar,KOL 156,Tiktok,,0,Package,344,203,30,19,6,4,1,8.72%,Submitted
"1,457",,KOL 157,Tiktok,,0,Package,310,,134,127,0,2,5,43.23%,Not Submitted
"1,458",30-Mar,KOL 158,Tiktok,,0,Package,"10,307","9,500",81,77,1,0,3,0.79%,Submitted
"1,459",14-Apr,KOL 159,Tiktok,,0,Package,"1,036","1,000",157,97,28,27,5,15.15%,Submitted
"1,460",26-Mar,KOL 160,Tiktok,,0,Package,132,114,20,7,4,3,6,15.15%,Submitted
"1,461",29-Mar,KOL 161,Tiktok,,0,Package,"2,851","1,022",712,540,17,155,0,24.97%,Submitted
"1,462",22-Mar,KOL 162,Tiktok,,0,Package,"1,787",389,110,95,5,10,0,6.16%,Submitted
"1,463",26-Mar,KOL 163,Tiktok,,0,Package,734,64,25,22,1,1,1,3.41%,Submitted
"1,464",,KOL 164,Tiktok,,0,Package,229,,6,6,0,0,0,2.62%,Not Submitted
"1,465",22-Mar,KOL 165,Tiktok,,0,Package,"2,140",353,393,261,61,9,62,18.36%,Submitted
"1,466",23-Mar,KOL 166,Tiktok,,0,Package,529,267,26,24,0,1,1,4.91%,Submitted
"1,467",22-Mar,KOL 167,Tiktok,,0,Package,106,89,4,4,0,0,0,3.77%,Submitted
"1,468",19-Mar,KOL 168,Tiktok,,0,Package,532,364,150,145,1,1,3,28.20%,Submitted
"1,469",18-Mar,KOL 169,Tiktok,,0,Package,102,78,6,6,0,0,0,5.88%,Submitted
"1,470",30-Mar,KOL 170,Tiktok,,0,Package,161,133,19,13,3,0,3,11.80%,Submitted
"1,471",3-Apr,KOL 171,Tiktok,,0,Package,"4,562","2,900",102,99,0,0,3,2.24%,Submitted
"1,472",23-Mar,KOL 172,Tiktok,,0,Package,"11,916",177,95,49,45,0,1,0.80%,Submitted
"1,473",9-Apr,KOL 173,Tiktok,,0,Package,146,124,13,9,2,2,0,8.90%,Submitted
"1,474",28-Mar,KOL 174,Tiktok,,0,Package,312,297,9,7,0,1,1,2.88%,Submitted
"1,475",19-Mar,KOL 175,Tiktok,,0,Package,253,223,40,18,12,3,7,15.81%,Submitted
"1,476",20-Mar,KOL 176,Tiktok,,0,Package,"38,300",268,"1,804","1,700",69,1,34,4.71%,Submitted
"1,477",23-Mar,KOL 177,Tiktok,,0,Package,166,133,4,4,0,0,0,2.41%,Submitted
"1,478",6-Apr,KOL 178,Tiktok,,0,Package,"10,100","1,200",848,680,20,41,107,8.40%,Submitted
"1,479",23-Mar,KOL 179,Tiktok,,0,Package,332,218,19,17,0,2,0,5.72%,Submitted
"1,480",24-Mar,KOL 180,Tiktok,,0,Package,303,203,30,22,8,0,0,9.90%,Submitted
"1,481",25-Mar,KOL 181,Tiktok,,0,Package,"11,600",131,346,337,3,1,5,2.98%,Submitted
"1,482",4-Apr,KOL 182,Tiktok,,0,Package,"11,800",,40,18,12,7,3,0.34%,Not Submitted
"1,483",16-Apr,KOL 183,Tiktok,,0,Package,"38,200",,"4,584","4,472",55,52,5,12.00%,Not Submitted
"1,484",15-Apr,KOL 184,Tiktok,,0,Package,"23,200",,0,,,,,0.00%,Not Submitted
"1,485",12-Apr,KOL 185,Tiktok,,0,Package,"12,600",,0,,,,,0.00%,Not Submitted
"1,486",3-Apr,KOL 186,Tiktok,,0,Package,"9,064",,0,,,,,0.00%,Not Submitted
"1,487",10-Apr,KOL 187,Tiktok,,0,Package,682,,0,,,,,0.00%,Not Submitted
"1,488",24-Mar,KOL 188,Tiktok,,0,Package,"2,433",578,431,305,108,7,11,17.71%,Submitted
"1,489",20-Mar,KOL 189,Tiktok,,0,Package,"6,695",235,219,208,1,10,0,3.27%,Submitted
"1,490",23-Mar,KOL 190,Tiktok,,0,Package,"2,883","2,100",243,183,47,4,9,8.43%,Submitted
"1,491",23-Mar,KOL 191,Tiktok,,0,Package,"16,200",138,345,343,2,0,0,2.13%,Submitted
"1,492",23-Mar,KOL 192,Tiktok,,0,Package,"11,800",249,299,111,3,126,59,2.53%,Submitted
"1,493",24-Mar,KOL 193,Tiktok,,0,Package,"1,692",158,217,208,0,9,0,12.83%,Submitted
"1,494",9-Apr,KOL 194,Tiktok,,0,Package,"6,979",,0,,,,,0.00%,Not Submitted
"1,495",2-May,KOL 195,Tiktok,,0,Package,"40,000","30,000","2,168",486,30,662,990,5.42%,Submitted
"1,496",23-Mar,KOL 196,Tiktok,,0,Package,"6,209",167,140,75,14,30,21,2.25%,Submitted
"1,497",,KOL 197,Tiktok,,0,Package,,,0,,,,,,Not Submitted
"1,498",26-Mar,KOL 198,Tiktok,,0,Package,184,283,291,267,14,9,1,158.15%,Submitted
"1,499",28-Mar,KOL 199,Tiktok,,0,Package,276,231,12,12,0,0,0,4.35%,Submitted
"1,500",,KOL 200,Tiktok,,0,Package,,,0,,,,,,Not Submitted
"1,501",20-Mar,KOL 201,Tiktok,,0,Package,"1,431",879,165,164,0,0,1,11.53%,Submitted
"1,502",25-Mar,KOL 202,Tiktok,,0,Package,272,252,29,24,3,0,2,10.66%,Submitted
"1,503",,KOL 203,Tiktok,,0,Package,,,0,,,,,,Not Submitted
"1,504",,KOL 204,Tiktok,,0,Package,,,0,,,,,,Not Submitted
"1,505",3-May,KOL 205,Tiktok,,0,Package,342,295,115,53,44,4,14,33.63%,Submitted
"1,506",,KOL 206,Tiktok,,0,Package,,,0,,,,,,Not Submitted
"1,507",22-Mar,KOL 207,Tiktok,,0,Package,257,223,3,3,0,0,0,1.17%,Submitted
"1,508",20-Mar,KOL 208,Tiktok,,0,Package,"11,900",161,296,254,39,2,1,2.49%,Submitted
"1,509",8-Apr,KOL 209,Tiktok,,0,Package,"1,721",171,380,266,53,54,7,22.08%,Submitted
"1,510",16-Apr,KOL 210,Tiktok,,0,Package,372,344,30,24,2,3,1,8.06%,Submitted
"1,511",25-Mar,KOL 211,Tiktok,,0,Package,"9,849",59,62,33,16,2,11,0.63%,Submitted
"1,512",25-Mar,KOL 212,Tiktok,,0,Package,"10,100",134,295,260,28,2,5,2.92%,Submitted
"1,513",22-Apr,KOL 213,Tiktok,,0,Package,133,,0,,,,,0.00%,Not Submitted
"1,514",17-Apr,KOL 214,Tiktok,,0,Package,"6,850",,0,,,,,0.00%,Not Submitted
"1,515",25-Mar,KOL 215,Tiktok,,0,Package,"24,700","6,600","1,212",839,12,101,260,4.91%,Submitted
"1,516",26-Mar,KOL 216,Tiktok,,0,Package,"11,000",248,"2,654",618,8,155,"1,873",24.13%,Submitted
"1,517",3-Apr,KOL 217,Tiktok,,0,Package,"15,500",,0,,,,,0.00%,Not Submitted
"1,518",10-May,KOL 218,Tiktok,,0,Package,"32,900",,0,,,,,0.00%,Not Submitted
"1,519",21-Apr,KOL 219,Tiktok,,0,Package,"12,300",,0,,,,,0.00%,Not Submitted
"1,520",9-Apr,KOL 220,Tiktok,,0,Package,98,87,4,4,0,0,0,4.08%,Submitted
"1,521",11-Apr,KOL 221,Tiktok,,0,Package,"3,900",187,258,203,8,32,15,6.62%,Submitted
"1,522",4-Apr,KOL 222,Tiktok,,0,Package,192,147,66,29,16,6,15,34.38%,Submitted
"1,523",25-Apr,KOL 223,Tiktok,,0,Package,314,231,221,158,29,12,22,70.38%,Submitted
"1,524",18-Mar,KOL 224,Tiktok,,0,Package,"13,800",359,258,23,10,102,123,1.87%,Submitted
"1,525",18-Mar,KOL 225,Tiktok,,0,Package,121,105,6,5,0,0,1,4.96%,Submitted
"1,526",,KOL 226,Tiktok,,0,Package,,,0,,,,,,Not Submitted
"1,527",5-Apr,KOL 227,Tiktok,,0,Package,267,,410,175,10,123,102,153.56%,Not Submitted
"1,528",5-Apr,KOL 228,Tiktok,,0,Package,180,133,4,4,0,0,0,2.22%,Submitted
"1,529",26-Mar,KOL 229,Tiktok,,0,Package,130,118,3,3,0,0,0,2.31%,Submitted
"1,530",21-Mar,KOL 230,Tiktok,,0,Package,"1,502",202,90,86,4,0,0,5.99%,Submitted
"1,531",28-Apr,KOL 231,Tiktok,,0,Package,"7,085",,0,,,,,0.00%,Not Submitted
"1,532",3-Apr,KOL 232,Tiktok,,0,Package,"28,000","8,600",59,38,13,4,4,0.21%,Submitted
"1,533",31-Mar,KOL 233,Tiktok,,0,Package,"20,300",84,136,119,0,7,10,0.67%,Submitted
"1,534",31-Mar,KOL 234,Tiktok,,0,Package,"4,921",137,192,101,19,33,39,3.90%,Submitted
"1,535",28-Mar,KOL 235,Tiktok,,0,Package,"15,007",252,"2,221","1,193",4,513,511,14.80%,Submitted
"1,536",20-Mar,KOL 236,Tiktok,,0,Package,129,99,27,9,3,1,14,20.93%,Submitted
"1,537",4-Apr,KOL 237,Tiktok,,0,Package,191,,0,,,,,0.00%,Not Submitted
"1,538",6-May,KOL 238,Tiktok,,0,Package,163,143,7,7,0,0,0,4.29%,Submitted
"1,539",22-Mar,KOL 239,Tiktok,,0,Package,74,72,5,4,0,0,1,6.76%,Submitted
"1,540",27-Mar,KOL 240,Tiktok,,0,Package,742,566,355,329,10,9,7,47.84%,Submitted
"1,541",25-Mar,KOL 241,Tiktok,,0,Package,327,310,23,14,5,3,1,7.03%,Submitted
"1,542",27-Mar,KOL 242,Tiktok,,0,Package,493,378,127,121,2,0,4,25.76%,Submitted
"1,543",22-Mar,KOL 243,Tiktok,,0,Package,"30,456",292,124,45,36,19,24,0.41%,Submitted
"1,544",30-Mar,KOL 244,Tiktok,,0,Package,"6,293",175,595,535,16,29,15,9.45%,Submitted
"1,545",,KOL 245,Tiktok,,0,Package,,,0,,,,,,Not Submitted
"1,546",20-Apr,KOL 246,Tiktok,,0,Package,"26,900",,0,,,,,0.00%,Not Submitted
"1,547",21-Mar,KOL 247,Tiktok,,0,Package,"3,373","2,637",320,54,12,251,3,9.49%,Submitted
"1,548",31-Mar,KOL 248,Tiktok,,0,Package,"1,516",163,31,12,9,5,5,2.04%,Submitted
"1,549",26-Mar,KOL 249,Tiktok,,0,Package,"3,070","2,100",34,31,0,3,0,1.11%,Submitted
"1,550",24-Mar,KOL 250,Tiktok,,0,Package,281,240,26,23,1,2,0,9.25%,Submitted
"1,551",24-Mar,KOL 251,Tiktok,,0,Package,"1,597",189,120,109,4,3,4,7.51%,Submitted
"1,552",23-Mar,KOL 252,Tiktok,,0,Package,"4,621",86,370,341,12,9,8,8.01%,Submitted
"1,553",28-Apr,KOL 253,Tiktok,,0,Package,"1,969",,0,,,,,0.00%,Not Submitted
"1,554",1-May,KOL 254,Tiktok,,0,Package,208,,0,,,,,0.00%,Not Submitted
"1,555",1-Apr,KOL 255,Tiktok,,0,Package,"22,600",194,"2,311","2,063",71,106,71,10.23%,Submitted
"1,556",26-Mar,KOL 256,Tiktok,,0,Package,"1,182",652,40,22,4,1,13,3.38%,Submitted
"1,557",26-Mar,KOL 257,Tiktok,,0,Package,"1,973",266,132,84,32,8,8,6.69%,Submitted
"1,558",15-May,KOL 258,Tiktok,,0,Package,"1,361",,0,,,,,0.00%,Not Submitted
"1,559",,KOL 259,Tiktok,,0,Package,543,441,43,41,1,1,0,7.92%,Submitted
"1,560",22-Mar,KOL 260,Tiktok,,0,Package,"6,669",975,319,290,10,7,12,4.78%,Submitted
"1,561",22-Mar,KOL 261,Tiktok,,0,Package,"11,900",159,135,87,28,1,19,1.13%,Submitted
"1,562",24-Apr,KOL 262,Tiktok,,0,Package,"2,845",,0,,,,,0.00%,Not Submitted
"1,563",27-Mar,KOL 263,Tiktok,,0,Package,456,304,"1,941",702,41,675,523,425.66%,Submitted
"1,564",9-Apr,KOL 264,Tiktok,,0,Package,"19,000",,0,,,,,0.00%,Not Submitted
"1,565",27-Mar,KOL 265,Tiktok,,0,Package,"42,200",292,"16,283","2,439",65,"1,779","12,000",38.59%,Submitted
"1,566",27-Mar,KOL 266,Tiktok,,0,Package,"12,500",254,321,278,37,1,5,2.57%,Submitted
"1,567",28-Mar,KOL 267,Tiktok,,0,Package,"18,120",441,146,126,8,1,11,0.81%,Submitted
"1,568",26-May,KOL 268,Tiktok,,0,Package,363,,0,,,,,0.00%,Not Submitted
"1,569",7-Apr,KOL 269,Tiktok,,0,Package,"12,600",,0,,,,,0.00%,Not Submitted
"1,570",7-Apr,KOL 270,Tiktok,,0,Package,255,,0,,,,,0.00%,Not Submitted
"1,571",7-Apr,KOL 271,Tiktok,,0,Package,,,0,,,,,,Not Submitted
"1,572",29-Mar,KOL 272,Tiktok,,0,Package,269,242,18,17,1,0,0,6.69%,Submitted
"1,573",2-Apr,KOL 273,Tiktok,,0,Package,205,124,147,36,34,46,31,71.71%,Submitted
"1,574",17-Apr,KOL 274,Tiktok,,0,Package,"11,500","7,000",516,481,12,9,14,4.49%,Submitted
"1,575",13-Apr,KOL 275,Tiktok,,0,Package,"2,144","2,100",119,113,6,0,0,5.55%,Submitted
"1,576",30-Mar,KOL 276,Tiktok,,0,Package,644,252,420,140,16,155,109,65.22%,Submitted
"1,577",6-Apr,KOL 277,Tiktok,,0,Package,"11,300",260,439,239,76,56,68,3.88%,Submitted
"1,578",,KOL 278,Tiktok,,0,Package,,,0,,,,,,Not Submitted
"1,579",30-Apr,KOL 279,Tiktok,,0,Package,317,257,0,,,,,0.00%,Submitted
"1,580",14-Apr,KOL 280,Tiktok,,0,Package,"10,300",,0,,,,,0.00%,Not Submitted
"1,581",14-Apr,KOL 281,Tiktok,,0,Package,"23,700",,0,,,,,0.00%,Not Submitted
"1,582",8-Apr,KOL 282,Tiktok,,0,Package,"11,700",,0,,,,,0.00%,Not Submitted
"1,583",15-Apr,KOL 283,Tiktok,,0,Package,"13,700",,0,,,,,0.00%,Not Submitted
"1,584",7-Apr,KOL 284,Tiktok,,0,Package,492,,0,,,,,0.00%,Not Submitted
"1,585",7-Apr,KOL 285,Tiktok,,0,Package,603,,0,,,,,0.00%,Not Submitted
"1,586",5-Apr,KOL 286,Tiktok,,0,Package,887,,0,,,,,0.00%,Not Submitted
"1,587",9-Apr,KOL 287,Tiktok,,0,Package,"22,800",,0,,,,,0.00%,Not Submitted
"1,588",20-Apr,KOL 288,Tiktok,,0,Package,"11,900",,0,,,,,0.00%,Not Submitted
"1,589",3-May,KOL 289,Tiktok,,0,Package,"6,678",188,88,35,25,25,3,1.32%,Submitted
"1,590",23-Apr,KOL 290,Tiktok,,0,Package,156,128,14,13,0,1,0,8.97%,Submitted
"1,591",24-Apr,KOL 291,Tiktok,,0,Package,50,48,0,0,0,0,0,0.00%,Submitted
"1,592",9-Apr,KOL 292,Tiktok,,0,Package,548,485,85,64,8,3,10,15.51%,Submitted
"1,593",7-Apr,KOL 293,Tiktok,,0,Package,188,158,20,15,1,1,3,10.64%,Submitted
"1,594",25-Mar,KOL 294,Tiktok,,0,Package,"1,306",887,28,13,3,3,9,2.14%,Submitted
"1,595",21-Apr,KOL 295,Tiktok,,0,Package,"1,828",121,103,102,0,0,1,5.63%,Submitted
"1,596",30-Mar,KOL 296,Tiktok,,0,Package,"5,543",310,261,203,36,9,13,4.71%,Submitted
"1,597",9-May,KOL 297,Tiktok,,0,Package,132,105,80,58,22,0,0,60.61%,Submitted
"1,598",8-Apr,KOL 298,Tiktok,,0,Package,"12,000",115,495,470,15,9,1,4.13%,Submitted
"1,599",1-Apr,KOL 299,Tiktok,,0,Package,319,188,19,16,1,0,2,5.96%,Submitted
"1,600",7-Apr,KOL 300,Tiktok,,0,Package,195,175,78,78,0,0,0,40.00%,Submitted
"1,601",10-Apr,KOL 301,Tiktok,,0,Package,169,138,12,11,0,0,1,7.10%,Submitted
"1,602",4-Apr,KOL 302,Tiktok,,0,Package,278,198,177,112,2,35,28,63.67%,Submitted
"1,603",13-May,KOL 303,Tiktok,,0,Package,"2,898","2,500",187,177,1,9,0,6.45%,Submitted
"1,604",4-Apr,KOL 304,Tiktok,,0,Package,786,554,44,44,0,0,0,5.60%,Submitted
"1,605",8-Apr,KOL 305,Tiktok,,0,Package,"11,500","4,832","1,160","1,117",12,13,18,10.09%,Submitted
"1,606",5-May,KOL 306,Tiktok,,0,Package,267,217,57,28,12,1,16,21.35%,Submitted
"1,607",12-Apr,KOL 307,Tiktok,,0,Package,389,350,34,28,4,1,1,8.74%,Submitted
"1,608",8-Apr,KOL 308,Tiktok,,0,Package,"2,000",,0,,,,,0.00%,Not Submitted
"1,609",8-Apr,KOL 309,Tiktok,,0,Package,"33,600",,0,,,,,0.00%,Not Submitted
"1,610",8-Apr,KOL 310,Tiktok,,0,Package,"2,765",,0,,,,,0.00%,Not Submitted
"1,611",26-Mar,KOL 311,Tiktok,,0,Package,154,141,77,76,0,0,1,50.00%,Submitted
"1,612",31-Mar,KOL 312,Tiktok,,0,Package,140,94,2,2,0,0,0,1.43%,Submitted
"1,613",13-Apr,KOL 313,Tiktok,,0,Package,107,105,28,13,7,0,8,26.17%,Submitted
"1,614",25-Mar,KOL 314,Tiktok,,0,Package,332,270,33,28,3,2,0,9.94%,Submitted
"1,615",14-Apr,KOL 315,Tiktok,,0,Package,373,187,30,30,0,0,0,8.04%,Submitted
"1,616",5-Apr,KOL 316,Tiktok,,0,Package,106,83,3,3,0,0,0,2.83%,Submitted
"1,617",,KOL 317,Tiktok,,0,Package,194,156,114,58,50,3,3,58.76%,Submitted
"1,618",8-Apr,KOL 318,Tiktok,,0,Package,201,156,114,58,50,3,3,56.72%,Submitted
"1,619",1-Apr,KOL 319,Tiktok,,0,Package,"3,032",96,80,30,16,27,7,2.64%,Submitted
"1,620",30-Apr,KOL 320,Tiktok,,0,Package,"6,362",176,531,525,2,1,3,8.35%,Submitted
"1,621",26-Mar,KOL 321,Tiktok,,0,Package,235,201,18,17,0,0,1,7.66%,Submitted
"1,622",7-Apr,KOL 322,Tiktok,,0,Package,250,225,34,31,0,2,1,13.60%,Submitted
"1,623",16-Apr,KOL 323,Tiktok,,0,Package,403,377,19,17,0,2,0,4.71%,Submitted
"1,624",,KOL 324,Tiktok,,0,Package,,,0,,,,,,Not Submitted
"1,625",4-Apr,KOL 325,Tiktok,,0,Package,"4,150",,0,,,,,0.00%,Not Submitted
"1,626",22-Apr,KOL 326,Tiktok,,0,Package,221,,0,,,,,0.00%,Not Submitted
"1,627",17-Apr,KOL 327,Tiktok,,0,Package,"17,100",,0,,,,,0.00%,Not Submitted
"1,628",6-Apr,KOL 328,Tiktok,,0,Package,397,,0,,,,,0.00%,Not Submitted
"1,629",20-Apr,KOL 329,Tiktok,,0,Package,"22,700",,0,,,,,0.00%,Not Submitted
"1,630",6-Apr,KOL 330,Tiktok,,0,Package,"10,000",226,"1,192",582,20,21,569,11.92%,Submitted
"1,631",31-Mar,KOL 331,Tiktok,,0,Package,226,204,10,10,0,0,0,4.42%,Submitted
"1,632",29-Mar,KOL 332,Tiktok,,0,Package,210,129,122,102,2,16,2,58.10%,Submitted
"1,633",31-Mar,KOL 333,Tiktok,,0,Package,332,251,76,73,0,2,1,22.89%,Submitted
"1,634",10-May,KOL 334,Tiktok,,0,Package,"1,618",168,112,64,2,46,0,6.92%,Submitted
"1,635",2-Apr,KOL 335,Tiktok,,0,Package,134,122,8,8,0,0,0,5.97%,Submitted
"1,636",3-Apr,KOL 336,Tiktok,,0,Package,519,96,20,14,0,4,2,3.85%,Submitted
"1,637",5-Apr,KOL 337,Tiktok,,0,Package,"3,366","2,700",323,285,4,6,28,9.60%,Submitted
"1,638",1-Apr,KOL 338,Tiktok,,0,Package,620,364,377,245,81,20,31,60.81%,Submitted
"1,639",23-Apr,KOL 339,Tiktok,,0,Package,"1,827",460,522,353,30,9,130,28.57%,Submitted
"1,640",29-Mar,KOL 340,Tiktok,,0,Package,"3,401","2,000",252,252,0,0,0,7.41%,Submitted
"1,641",3-Apr,KOL 341,Tiktok,,0,Package,"12,200",,0,,,,,0.00%,Not Submitted
"1,642",11-Apr,KOL 342,Tiktok,,0,Package,"1,523",129,83,71,4,4,4,5.45%,Submitted
"1,643",26-Apr,KOL 343,Tiktok,,0,Package,125,98,12,9,3,0,0,9.60%,Submitted
"1,644",31-Mar,KOL 344,Tiktok,,0,Package,290,205,18,13,2,3,0,6.21%,Submitted
"1,645",,KOL 345,Tiktok,,0,Package,,,0,,,,,,Not Submitted
"1,646",24-Apr,KOL 346,Tiktok,,0,Package,243,219,35,16,5,2,12,14.40%,Submitted
"1,647",6-May,KOL 347,Tiktok,,0,Package,"27,630","23,600","4,790","3,404",85,462,839,17.34%,Submitted
"1,648",29-Mar,KOL 348,Tiktok,,0,Package,101,100,3,3,0,0,0,2.97%,Submitted
"1,649",25-Apr,KOL 349,Tiktok,,0,Package,183,,0,,,,,0.00%,Not Submitted
"1,650",15-Apr,KOL 350,Tiktok,,0,Package,182,,0,,,,,0.00%,Not Submitted
"1,651",1-Apr,KOL 351,Tiktok,,0,Package,"8,444",828,52,50,0,0,2,0.62%,Submitted
"1,652",27-Mar,KOL 352,Tiktok,,0,Package,157,124,20,19,0,0,1,12.74%,Submitted
"1,653",8-Apr,KOL 353,Tiktok,,0,Package,190,,0,,,,,0.00%,Not Submitted
"1,654",8-Apr,KOL 354,Tiktok,,0,Package,"3,154",,0,,,,,0.00%,Not Submitted
"1,655",22-Apr,KOL 355,Tiktok,,0,Package,"12,200",,0,,,,,0.00%,Not Submitted
"1,656",6-Apr,KOL 356,Tiktok,,0,Package,247,202,22,16,3,0,3,8.91%,Submitted
"1,657",31-Mar,KOL 357,Tiktok,,0,Package,"1,122",648,95,40,49,3,3,8.47%,Submitted
"1,658",,KOL 358,Tiktok,,0,Package,"12,367",192,236,92,5,57,82,1.91%,Submitted
"1,659",2-Apr,KOL 359,Tiktok,,0,Package,316,259,27,24,0,0,3,8.54%,Submitted
"1,660",4-May,KOL 360,Tiktok,,0,Package,519,139,11,10,0,0,1,2.12%,Submitted
"1,661",7-Apr,KOL 361,Tiktok,,0,Package,291,154,141,130,4,2,5,48.45%,Submitted
"1,662",17-Apr,KOL 362,Tiktok,,0,Package,433,,0,,,,,0.00%,Not Submitted
"1,663",13-Apr,KOL 363,Tiktok,,0,Package,308,180,16,12,0,3,1,5.19%,Submitted
"1,664",,KOL 364,Tiktok,,0,Package,,,0,,,,,,Not Submitted
"1,665",25-Apr,KOL 365,Tiktok,,0,Package,853,783,95,75,12,0,8,11.14%,Submitted
"1,666",10-Apr,KOL 366,Tiktok,,0,Package,181,160,16,12,1,2,1,8.84%,Submitted
"1,667",27-Apr,KOL 367,Tiktok,,0,Package,422,334,28,27,0,1,0,6.64%,Submitted
"1,668",15-Apr,KOL 368,Tiktok,,0,Package,320,,0,,,,,0.00%,Not Submitted
"1,669",15-Apr,KOL 369,Tiktok,,0,Package,"11,700",,0,,,,,0.00%,Not Submitted
"1,670",15-Apr,KOL 370,Tiktok,,0,Package,"9,962",,0,,,,,0.00%,Not Submitted
"1,671",17-Apr,KOL 371,Tiktok,,0,Package,"13,300",,0,,,,,0.00%,Not Submitted
"1,672",,KOL 372,Tiktok,,0,Package,650,570,16,14,1,1,0,2.46%,Submitted
"1,673",10-Apr,KOL 373,Tiktok,,0,Package,174,137,4,4,0,0,0,2.30%,Submitted
"1,674",9-May,KOL 374,Tiktok,,0,Package,218,206,8,7,1,0,0,3.67%,Submitted
"1,675",26-Apr,KOL 375,Tiktok,,0,Package,105,96,10,10,0,0,0,9.52%,Submitted
"1,676",1-May,KOL 376,Tiktok,,0,Package,134,120,10,10,0,0,0,7.46%,Submitted
"1,677",16-Apr,KOL 377,Tiktok,,0,Package,211,151,55,53,0,0,2,26.07%,Submitted
"1,678",,KOL 378,Tiktok,,0,Package,,,0,,,,,,Not Submitted
"1,679",13-Apr,KOL 379,Tiktok,,0,Package,"11,200",,0,,,,,0.00%,Not Submitted
"1,680",21-Apr,KOL 380,Tiktok,,0,Package,"11,200",,0,,,,,0.00%,Not Submitted
"1,681",10-Apr,KOL 381,Tiktok,,0,Package,674,,0,,,,,0.00%,Not Submitted
"1,682",8-Apr,KOL 382,Tiktok,,0,Package,"12,900",,0,,,,,0.00%,Not Submitted
"1,683",24-Apr,KOL 383,Tiktok,,0,Package,"1,527",,0,,,,,0.00%,Not Submitted
"1,684",17-May,KOL 384,Tiktok,,0,Package,154,,0,,,,,0.00%,Not Submitted
"1,685",13-May,KOL 385,Tiktok,,0,Package,"1,826",226,273,78,114,57,24,14.95%,Submitted
"1,686",26-Apr,KOL 386,Tiktok,,0,Package,"1,981","1,500",176,172,0,3,1,8.88%,Submitted
"1,687",15-Apr,KOL 387,Tiktok,,0,Package,"10,100",,0,,,,,0.00%,Not Submitted
"1,688",21-Apr,KOL 388,Tiktok,,0,Package,"13,800",,0,,,,,0.00%,Not Submitted
"1,689",8-May,KOL 389,Tiktok,,0,Package,246,,0,,,,,0.00%,Not Submitted
"1,690",18-Apr,KOL 390,Tiktok,,0,Package,"20,400",,0,,,,,0.00%,Not Submitted
"1,691",20-Apr,KOL 391,Tiktok,,0,Package,"12,300",,0,,,,,0.00%,Not Submitted
"1,692",10-Apr,KOL 392,Tiktok,,0,Package,"6,924",,0,,,,,0.00%,Not Submitted
"1,693",14-Apr,KOL 393,Tiktok,,0,Package,343,,0,,,,,0.00%,Not Submitted
"1,694",21-Apr,KOL 394,Tiktok,,0,Package,"1,032",120,653,622,18,2,11,63.28%,Submitted
"1,695",11-Apr,KOL 395,Tiktok,,0,Package,119,93,3,2,0,0,1,2.52%,Submitted
"1,696",17-Apr,KOL 396,Tiktok,,0,Package,162,,0,,,,,0.00%,Not Submitted
"1,697",11-Apr,KOL 397,Tiktok,,0,Package,88,,0,,,,,0.00%,Not Submitted
"1,698",23-Apr,KOL 398,Tiktok,,0,Package,"3,046",,0,,,,,0.00%,Not Submitted
"1,699",29-Apr,KOL 399,Tiktok,,0,Package,"7,473",,0,,,,,0.00%,Not Submitted
"1,700",4-May,KOL 400,Tiktok,,0,Package,"1,729",,0,,,,,0.00%,Not Submitted
"1,701",28-Apr,KOL 401,Tiktok,,0,Package,160,,0,,,,,0.00%,Not Submitted
"1,702",20-Apr,KOL 402,Tiktok,,0,Package,"5,764",,0,,,,,0.00%,Not Submitted
"1,703",15-Apr,KOL 403,Tiktok,,0,Package,"12,200",,0,,,,,0.00%,Not Submitted
"1,704",25-Apr,KOL 404,Tiktok,,0,Package,,,0,,,,,,Not Submitted
"1,705",19-Apr,KOL 405,Tiktok,,0,Package,"22,900",,0,,,,,0.00%,Not Submitted
"1,706",13-Apr,KOL 406,Tiktok,,0,Package,"1,241",88,11,11,0,0,0,0.89%,Submitted
"1,707",1-May,KOL 407,Tiktok,,0,Package,138,127,11,11,0,0,0,7.97%,Submitted
"1,708",11-Apr,KOL 408,Tiktok,,0,Package,"60,800",223,"5,786","1,235",27,"1,107","3,417",9.52%,Submitted
"1,709",18-Apr,KOL 409,Tiktok,,0,Package,"2,304",,0,,,,,0.00%,Not Submitted
"1,710",20-Apr,KOL 410,Tiktok,,0,Package,"10,500",,0,,,,,0.00%,Not Submitted
"1,711",26-Apr,KOL 411,Tiktok,,0,Package,138,,0,,,,,0.00%,Not Submitted
"1,712",26-Apr,KOL 412,Tiktok,,0,Package,92,,0,,,,,0.00%,Not Submitted
"1,713",,KOL 413,Tiktok,,0,Package,,,0,,,,,,Not Submitted
"1,714",28-May,KOL 414,Tiktok,,0,Package,"21,600",,0,,,,,0.00%,Not Submitted
"1,715",24-Apr,KOL 415,Tiktok,,0,Package,183,,0,,,,,0.00%,Not Submitted
"1,716",18-May,KOL 416,Tiktok,,0,Package,120,,0,,,,,0.00%,Not Submitted
"1,717",12-Apr,KOL 417,Tiktok,,0,Package,"3,066",92,122,122,0,0,0,3.98%,Submitted
"1,718",8-Apr,KOL 418,Tiktok,,0,Package,149,123,68,36,28,1,3,45.64%,Submitted
"1,719",6-May,KOL 419,Tiktok,,0,Package,632,477,253,172,43,27,11,40.03%,Submitted
"1,720",26-Apr,KOL 420,Tiktok,,0,Package,455,,0,,,,,0.00%,Not Submitted
"1,721",30-Apr,KOL 421,Tiktok,,0,Package,127,,0,,,,,0.00%,Not Submitted
"1,722",25-Apr,KOL 422,Tiktok,,0,Package,306,,0,,,,,0.00%,Not Submitted
"1,723",12-May,KOL 423,Tiktok,,0,Package,132,,0,,,,,0.00%,Not Submitted
"1,724",12-Apr,KOL 424,Tiktok,,0,Package,"19,000",207,150,66,53,22,9,0.79%,Submitted
"1,725",12-Apr,KOL 425,Tiktok,,0,Package,"2,019",632,93,62,20,2,9,4.61%,Submitted
"1,726",5-May,KOL 426,Tiktok,,0,Package,"24,500",,0,,,,,0.00%,Not Submitted
"1,727",8-May,KOL 427,Tiktok,,0,Package,162,,0,,,,,0.00%,Not Submitted
"1,728",28-Apr,KOL 428,Tiktok,,0,Package,97,,0,,,,,0.00%,Not Submitted
"1,729",2-May,KOL 429,Tiktok,,0,Package,"1,388",141,497,162,50,168,117,35.81%,Submitted
"1,730",,KOL 430,Tiktok,,0,Package,,,0,,,,,,Not Submitted
"1,731",,KOL 431,Tiktok,,0,Package,,,0,,,,,,Not Submitted
"1,732",25-Apr,KOL 432,Tiktok,,0,Package,"320,939","254,100","5,273","2,033",62,"2,160","1,018",1.64%,Submitted
"1,733",30-Apr,KOL 433,Tiktok,,0,Package,"7,141",567,734,638,30,29,37,10.28%,Submitted
"1,734",,KOL 434,Tiktok,,0,Package,,,0,,,,,,Not Submitted
"1,735",3-May,KOL 435,Tiktok,,0,Package,"8,104","8,104",21,15,2,2,2,0.26%,Submitted
"1,736",,KOL 436,Tiktok,,0,Package,,,0,,,,,,Not Submitted
"1,737",,KOL 437,Tiktok,,0,Package,,,0,,,,,,Not Submitted
"1,738",24-Apr,KOL 438,Tiktok,,0,Package,"1,506",,0,,,,,0.00%,Not Submitted
"1,739",29-Apr,KOL 439,Tiktok,,0,Package,"34,400",,0,,,,,0.00%,Not Submitted
"1,740",26-Apr,KOL 440,Tiktok,,0,Package,"11,300",,0,,,,,0.00%,Not Submitted
"1,741",1-May,KOL 441,Tiktok,,0,Package,243,,0,,,,,0.00%,Not Submitted
"1,742",25-Apr,KOL 442,Tiktok,,0,Package,140,,0,,,,,0.00%,Not Submitted
"1,743",23-Mar,KOL 443,Tiktok,,0,Package,"3,760","2,000",113,48,0,35,30,3.01%,Submitted
"1,744",5-May,KOL 444,Tiktok,,0,Package,133,133,14,11,2,1,0,10.53%,Submitted
"1,745",23-Apr,KOL 445,Tiktok,,0,Package,"6,824","6,824",28,26,1,1,0,0.41%,Submitted
"1,746",6-May,KOL 446,Tiktok,,0,Package,"17,076","17,076",115,113,2,0,0,0.67%,Submitted
"1,747",23-Apr,KOL 447,Tiktok,,0,Package,160,160,64,37,23,0,4,40.00%,Submitted
"1,748",24-Mar,KOL 448,Tiktok,,0,Package,588,288,14,14,0,0,0,2.38%,Submitted
"1,749",29-Apr,KOL 449,Tiktok,,0,Package,150,127,29,15,8,1,5,19.33%,Submitted
"1,750",26-Apr,KOL 450,Tiktok,,0,Package,"7,287","7,287",201,134,9,8,50,2.76%,Submitted
"1,751",26-Apr,KOL 451,Tiktok,,0,Package,150,150,5,4,0,0,1,3.33%,Submitted
"1,752",22-Apr,KOL 452,Tiktok,,0,Package,"9,469","9,469",158,58,47,28,25,1.67%,Submitted
"1,753",22-Apr,KOL 453,Tiktok,,0,Package,"4,488","4,488",106,56,45,1,4,2.36%,Submitted
"1,754",24-Apr,KOL 454,Tiktok,,0,Package,"8,490","8,490",788,434,61,184,109,9.28%,Submitted
"1,755",23-Apr,KOL 455,Tiktok,,0,Package,"18,077","18,077","1,226","1,104",46,41,35,6.78%,Submitted
"1,756",22-Apr,KOL 456,Tiktok,,0,Package,"5,599","5,599",224,65,54,57,48,4.00%,Submitted
"1,757",24-Apr,KOL 457,Tiktok,,0,Package,"8,282","8,282",733,419,84,115,115,8.85%,Submitted
"1,758",23-Apr,KOL 458,Tiktok,,0,Package,284,284,121,47,38,2,34,42.61%,Submitted
"1,759",22-Apr,KOL 459,Tiktok,,0,Package,263,263,45,39,3,3,0,17.11%,Submitted
"1,760",,KOL 460,Tiktok,,0,Package,,,0,,,,,,Not Submitted
"1,761",25-Apr,KOL 461,Tiktok,,0,Package,"5,740","5,740",70,64,6,0,0,1.22%,Submitted
"1,762",,KOL 462,Tiktok,,0,Package,,,0,,,,,,Not Submitted
"1,763",25-Apr,KOL 463,Tiktok,,0,Package,"6,604","6,604",403,317,59,6,21,6.10%,Submitted
"1,764",27-Apr,KOL 464,Tiktok,,0,Package,387,387,60,31,23,3,3,15.50%,Submitted
"1,765",,KOL 465,Tiktok,,0,Package,,,0,,,,,,Not Submitted
"1,766",30-Apr,KOL 466,Tiktok,,0,Package,"12,627","12,627",728,622,51,50,5,5.77%,Submitted
"1,767",1-May,KOL 467,Tiktok,,0,Package,"6,358","6,358",435,347,78,3,7,6.84%,Submitted
"1,768",5-May,KOL 468,Tiktok,,0,Package,"27,868","27,868",723,588,65,15,55,2.59%,Submitted
"1,769",5-May,KOL 469,Tiktok,,0,Package,"124,940","124,940",119,113,2,2,2,0.10%,Submitted
"1,770",27-Apr,KOL 470,Tiktok,,0,Package,"11,000","11,000","1,015","1,007",0,8,0,9.23%,Submitted
"1,771",26-Apr,KOL 471,Tiktok,,0,Package,"2,504","2,504",533,281,154,75,23,21.29%,Submitted
"1,772",,KOL 472,Tiktok,,0,Package,,,0,,,,,,Not Submitted
"1,773",26-Apr,KOL 473,Tiktok,,0,Package,"19,052","19,052",685,439,21,104,121,3.60%,Submitted
"1,774",7-May,KOL 474,Tiktok,,0,Package,"1,844","1,844",115,108,2,4,1,6.24%,Submitted
"1,775",29-Apr,KOL 475,Tiktok,,0,Package,181,,0,,,,,0.00%,Not Submitted
"1,776",25-Apr,KOL 476,Tiktok,,0,Package,91,,0,,,,,0.00%,Not Submitted
"1,777",,KOL 477,Tiktok,,0,Package,,,0,,,,,,Not Submitted
"1,778",,KOL 478,Tiktok,,0,Package,,,0,,,,,,Not Submitted
"1,779",,KOL 479,Tiktok,,0,Package,,,0,,,,,,Not Submitted
"1,780",,KOL 480,Tiktok,,0,Package,,,0,,,,,,Not Submitted
"1,781",,KOL 481,Tiktok,,0,Package,,,0,,,,,,Not Submitted
"1,782",,KOL 482,Tiktok,,0,Package,,,0,,,,,,Not Submitted
"1,783",14-Jun,KOL 483,Tiktok,,0,Package,,,0,,,,,,Not Submitted
"1,784",18-Apr,KOL 484,Tiktok,,0,Package,152,128,9,8,0,1,0,5.92%,Submitted
"1,785",25-Apr,KOL 485,Tiktok,,0,Package,"1,423","1,200",33,31,0,2,0,2.32%,Submitted
"1,786",29-Apr,KOL 486,Tiktok,,0,Package,138,119,9,9,0,0,0,6.52%,Submitted
"1,787",25-Apr,KOL 487,Tiktok,,0,Package,"1,230","1,230",74,23,21,10,20,6.02%,Submitted
"1,788",24-Apr,KOL 488,Tiktok,,0,Package,"58,376","58,376","1,075","1,015",36,7,17,1.84%,Submitted
"1,789",25-Apr,KOL 489,Tiktok,,0,Package,"12,144","12,144",14,9,1,1,3,0.12%,Submitted
"1,790",30-Apr,KOL 490,Tiktok,,0,Package,"50,639","50,639","1,224",512,65,321,326,2.42%,Submitted
"1,791",10-Apr,KOL 491,Tiktok,,0,Package,"6,567",,0,,,,,0.00%,Not Submitted
"1,792",9-Apr,KOL 492,Tiktok,,0,Package,"20,200",,0,,,,,0.00%,Not Submitted
"1,793",,KOL 493,Tiktok,,0,Package,,,0,,,,,,Not Submitted
"1,794",27-Mar,KOL 494,Tiktok,,0,Package,268,198,38,17,6,7,8,14.18%,Submitted
"1,795",3-May,KOL 495,Tiktok,,0,Package,"1,692",,0,,,,,0.00%,Not Submitted
"1,796",13-May,KOL 496,Tiktok,,0,Package,98,,0,,,,,0.00%,Not Submitted
"1,797",29-Apr,KOL 497,Tiktok,,0,Package,405,,0,,,,,0.00%,Not Submitted
"1,798",7-May,KOL 498,Tiktok,,0,Package,475,,0,,,,,0.00%,Not Submitted
"1,799",12-Apr,KOL 499,Tiktok,,0,Package,389,342,27,24,0,1,2,6.94%,Submitted
"1,800",18-May,KOL 500,Tiktok,,0,Package,169,,0,,,,,0.00%,Not Submitted
"1,801",9-Apr,KOL 501,Tiktok,,0,Package,"2,147",,0,,,,,0.00%,Not Submitted
"1,802",22-Apr,KOL 502,Tiktok,,0,Package,155,,0,,,,,0.00%,Not Submitted
"1,803",28-Apr,KOL 503,Tiktok,,0,Package,105,,0,,,,,0.00%,Not Submitted
"1,804",25-Apr,KOL 504,Tiktok,,0,Package,112,,0,,,,,0.00%,Not Submitted
"1,805",25-Apr,KOL 505,Tiktok,,0,Package,108,,0,,,,,0.00%,Not Submitted
"1,806",28-Apr,KOL 506,Tiktok,,0,Package,77,,0,,,,,0.00%,Not Submitted
"1,807",26-Apr,KOL 507,Tiktok,,0,Package,"18,300",,0,,,,,0.00%,Not Submitted
"1,808",24-Apr,KOL 508,Tiktok,,0,Package,274,,0,,,,,0.00%,Not Submitted
"1,809",3-May,KOL 509,Tiktok,,0,Package,178,,0,,,,,0.00%,Not Submitted
"1,810",28-Apr,KOL 510,Tiktok,,0,Package,125,,0,,,,,0.00%,Not Submitted
"1,811",26-Apr,KOL 511,Tiktok,,0,Package,"5,359",,0,,,,,0.00%,Not Submitted
"1,812",25-Apr,KOL 512,Tiktok,,0,Package,"2,054",,0,,,,,0.00%,Not Submitted
"1,813",4-May,KOL 513,Tiktok,,0,Package,386,,0,,,,,0.00%,Not Submitted
"1,814",28-Apr,KOL 514,Tiktok,,0,Package,89,,0,,,,,0.00%,Not Submitted
"1,815",28-Apr,KOL 515,Tiktok,,0,Package,"7,010",,0,,,,,0.00%,Not Submitted
"1,816",28-Apr,KOL 516,Tiktok,,0,Package,"6,114",,0,,,,,0.00%,Not Submitted
"1,817",25-Apr,KOL 517,Tiktok,,0,Package,"12,000",,0,,,,,0.00%,Not Submitted
"1,818",25-Apr,KOL 518,Tiktok,,0,Package,"12,400",,0,,,,,0.00%,Not Submitted
"1,819",24-Apr,KOL 519,Tiktok,,0,Package,"9,255",,0,,,,,0.00%,Not Submitted
"1,820",,KOL 520,Tiktok,,0,Package,,,0,,,,,,Not Submitted
"1,821",27-Apr,KOL 521,Tiktok,,0,Package,890,700,28,21,2,4,1,3.15%,Submitted
"1,822",11-May,KOL 522,Tiktok,,0,Package,305,206,27,26,0,1,0,8.85%,Submitted
"1,823",,KOL 523,Tiktok,,0,Package,,,0,,,,,,Not Submitted
"1,824",9-May,KOL 524,Tiktok,,0,Package,224,,0,,,,,0.00%,Not Submitted
"1,825",26-Apr,KOL 525,Tiktok,,0,Package,"29,200",,0,,,,,0.00%,Not Submitted
"1,826",24-Apr,KOL 526,Tiktok,,0,Package,"18,500",,0,,,,,0.00%,Not Submitted
"1,827",28-Apr,KOL 527,Tiktok,,0,Package,"1,591",,0,,,,,0.00%,Not Submitted
"1,828",30-Apr,KOL 528,Tiktok,,0,Package,"12,600",,0,,,,,0.00%,Not Submitted
"1,829",30-Apr,KOL 529,Tiktok,,0,Package,"7,249",,0,,,,,0.00%,Not Submitted
"1,830",3-May,KOL 530,Tiktok,,0,Package,"1,263",,0,,,,,0.00%,Not Submitted
"1,831",,KOL 531,Tiktok,,0,Package,,,0,,,,,,Not Submitted
"1,832",10-May,KOL 532,Tiktok,,0,Package,128,,0,,,,,0.00%,Not Submitted
"1,833",11-May,KOL 533,Tiktok,,0,Package,135,,0,,,,,0.00%,Not Submitted
"1,834",8-May,KOL 534,Tiktok,,0,Package,"1,242",,0,,,,,0.00%,Not Submitted
"1,835",5-May,KOL 535,Tiktok,,0,Package,"5,464",,0,,,,,0.00%,Not Submitted
"1,836",8-May,KOL 536,Tiktok,,0,Package,118,,0,,,,,0.00%,Not Submitted
"1,837",28-Apr,KOL 537,Tiktok,,0,Package,312,,0,,,,,0.00%,Not Submitted
"1,838",29-Apr,KOL 538,Tiktok,,0,Package,"13,300",,0,,,,,0.00%,Not Submitted
"1,839",29-Apr,KOL 539,Tiktok,,0,Package,"23,800",,0,,,,,0.00%,Not Submitted
"1,840",27-Apr,KOL 540,Tiktok,,0,Package,99,,0,,,,,0.00%,Not Submitted
"1,841",27-Apr,KOL 541,Tiktok,,0,Package,"6,166",,0,,,,,0.00%,Not Submitted
"1,842",28-Apr,KOL 542,Tiktok,,0,Package,109,,0,,,,,0.00%,Not Submitted
"1,843",29-Apr,KOL 543,Tiktok,,0,Package,95,,0,,,,,0.00%,Not Submitted
"1,844",,KOL 544,Tiktok,,0,Package,,,0,,,,,,Not Submitted
"1,845",24-Apr,KOL 545,Tiktok,,0,Package,148,,0,,,,,0.00%,Not Submitted
"1,846",5-May,KOL 546,Tiktok,,0,Package,78,,0,,,,,0.00%,Not Submitted
"1,847",22-Apr,KOL 547,Tiktok,,0,Package,"87,300",,0,,,,,0.00%,Not Submitted
"1,848",23-Apr,KOL 548,Tiktok,,0,Package,"1,598",,0,,,,,0.00%,Not Submitted
"1,849",29-Apr,KOL 549,Tiktok,,0,Package,99,,0,,,,,0.00%,Not Submitted
"1,850",25-Apr,KOL 550,Tiktok,,0,Package,83,,0,,,,,0.00%,Not Submitted
"1,851",27-Apr,KOL 551,Tiktok,,0,Package,172,,0,,,,,0.00%,Not Submitted
"1,852",25-Apr,KOL 552,Tiktok,,0,Package,96,,0,,,,,0.00%,Not Submitted
"1,853",5-May,KOL 553,Tiktok,,0,Package,"8,073",,0,,,,,0.00%,Not Submitted
"1,854",25-Apr,KOL 554,Tiktok,,0,Package,"2,797",,0,,,,,0.00%,Not Submitted
"1,855",24-Apr,KOL 555,Tiktok,,0,Package,"3,873","3,873","1,002",703,45,72,182,25.87%,Submitted
"1,856",27-Apr,KOL 556,Tiktok,,0,Package,"12,053","12,053",112,110,1,1,0,0.93%,Submitted
"1,857",24-Apr,KOL 557,Tiktok,,0,Package,"6,651","6,651",775,555,52,160,8,11.65%,Submitted
"1,858",24-Apr,KOL 558,Tiktok,,0,Package,140,140,4,4,0,0,0,2.86%,Submitted
"1,859",26-Apr,KOL 559,Tiktok,,0,Package,231,231,38,12,10,6,10,16.45%,Submitted
"1,860",25-Apr,KOL 560,Tiktok,,0,Package,478,478,20,10,6,2,2,4.18%,Submitted
"1,861",2-May,KOL 561,Tiktok,,0,Package,"10,405","10,405",42,20,12,4,6,0.40%,Submitted
"1,862",26-Apr,KOL 562,Tiktok,,0,Package,134,134,3,3,0,0,0,2.24%,Submitted
"1,863",27-Apr,KOL 563,Tiktok,,0,Package,"7,120","7,120",23,21,0,2,0,0.32%,Submitted
"1,864",27-Apr,KOL 564,Tiktok,,0,Package,"3,131","3,131",733,424,39,177,93,23.41%,Submitted
"1,865",27-Apr,KOL 565,Tiktok,,0,Package,"6,400","6,400",851,844,3,1,3,13.30%,Submitted
"1,866",28-Apr,KOL 566,Tiktok,,0,Package,"6,669","6,669",25,6,16,0,3,0.37%,Submitted
"1,867",23-Apr,KOL 567,Tiktok,,0,Package,"4,424",448,97,52,5,32,8,2.19%,Submitted
"1,868",30-Apr,KOL 568,Tiktok,,0,Package,"6,026","6,026",47,36,10,0,1,0.78%,Submitted
"1,869",29-Apr,KOL 569,Tiktok,,0,Package,372,372,13,9,3,0,1,3.49%,Submitted
"1,870",28-Apr,KOL 570,Tiktok,,0,Package,202,202,211,74,67,67,3,104.46%,Submitted
"1,871",6-May,KOL 571,Tiktok,,0,Package,163,163,23,22,1,0,0,14.11%,Submitted
"1,872",28-Apr,KOL 572,Tiktok,,0,Package,"5,407","5,407",872,664,66,120,22,16.13%,Submitted
"1,873",28-Apr,KOL 573,Tiktok,,0,Package,"18,797","18,797",495,252,6,122,115,2.63%,Submitted
"1,874",6-May,KOL 574,Tiktok,,0,Package,"7,873","7,873",206,160,28,8,10,2.62%,Submitted
"1,875",,KOL 575,Tiktok,,0,Package,,,0,,,,,,Not Submitted
"1,876",27-Apr,KOL 576,Tiktok,,0,Package,323,259,24,22,1,1,0,7.43%,Submitted
"1,877",25-Apr,KOL 577,Tiktok,,0,Package,"1,870",,0,,,,,0.00%,Not Submitted
"1,878",28-Apr,KOL 578,Tiktok,,0,Package,"8,887",108,220,208,4,8,0,2.48%,Submitted
"1,879",,KOL 579,Tiktok,,0,Package,,,0,,,,,,Not Submitted
"1,880",30-Apr,KOL 580,Tiktok,,0,Package,467,,0,,,,,0.00%,Not Submitted
"1,881",13-May,KOL 581,Tiktok,,0,Package,158,,0,,,,,0.00%,Not Submitted
"1,882",,KOL 582,Tiktok,,0,Package,,,0,,,,,,Not Submitted
"1,883",25-Apr,KOL 583,Tiktok,,0,Package,152,,0,,,,,0.00%,Not Submitted
"1,884",28-Apr,KOL 584,Tiktok,,0,Package,384,,0,,,,,0.00%,Not Submitted
"1,885",29-Apr,KOL 585,Tiktok,,0,Package,409,,0,,,,,0.00%,Not Submitted
"1,886",26-Apr,KOL 586,Tiktok,,0,Package,"18,700",,0,,,,,0.00%,Not Submitted
"1,887",25-Apr,KOL 587,Tiktok,,0,Package,124,,0,,,,,0.00%,Not Submitted
"1,888",25-Apr,KOL 588,Tiktok,,0,Package,162,,0,,,,,0.00%,Not Submitted
"1,889",23-Apr,KOL 589,Tiktok,,0,Package,"2,163",,0,,,,,0.00%,Not Submitted
"1,890",,KOL 590,Tiktok,,0,Package,,,0,,,,,,Not Submitted
"1,891",,KOL 591,Tiktok,,0,Package,,,0,,,,,,Not Submitted
"1,892",,KOL 592,Tiktok,,0,Package,,,0,,,,,,Not Submitted
"1,893",,KOL 593,Tiktok,,0,Package,,,0,,,,,,Not Submitted
"1,894",27-Apr,KOL 594,Tiktok,,0,Package,"5,024",,0,,,,,0.00%,Not Submitted
"1,895",29-Apr,KOL 595,Tiktok,,0,Package,276,,0,,,,,0.00%,Not Submitted
"1,896",26-Apr,KOL 596,Tiktok,,0,Package,214,,0,,,,,0.00%,Not Submitted
"1,897",24-Apr,KOL 597,Tiktok,,0,Package,164,,0,,,,,0.00%,Not Submitted
"1,898",29-Apr,KOL 598,Tiktok,,0,Package,108,,0,,,,,0.00%,Not Submitted
"1,899",24-Apr,KOL 599,Tiktok,,0,Package,403,,0,,,,,0.00%,Not Submitted
"1,900",26-Apr,KOL 600,Tiktok,,0,Package,103,,0,,,,,0.00%,Not Submitted
"1,901",28-Apr,KOL 601,Tiktok,,0,Package,192,,0,,,,,0.00%,Not Submitted
"1,902",28-Apr,KOL 602,Tiktok,,0,Package,280,,0,,,,,0.00%,Not Submitted
"1,903",,KOL 603,Tiktok,,0,Package,,,0,,,,,,Not Submitted
"1,904",22-Apr,KOL 604,Tiktok,,0,Package,536,,0,,,,,0.00%,Not Submitted
"1,905",25-Apr,KOL 605,Tiktok,,0,Package,137,,0,,,,,0.00%,Not Submitted
"1,906",28-Apr,KOL 606,Tiktok,,0,Package,97,,0,,,,,0.00%,Not Submitted
"1,907",23-Apr,KOL 607,Tiktok,,0,Package,108,,0,,,,,0.00%,Not Submitted
"1,908",28-Apr,KOL 608,Tiktok,,0,Package,112,,0,,,,,0.00%,Not Submitted
"1,909",25-Apr,KOL 609,Tiktok,,0,Package,"8,551",,0,,,,,0.00%,Not Submitted
"1,910",23-Apr,KOL 610,Tiktok,,0,Package,136,,0,,,,,0.00%,Not Submitted
"1,911",23-Apr,KOL 611,Tiktok,,0,Package,327,,0,,,,,0.00%,Not Submitted
"1,912",27-Apr,KOL 612,Tiktok,,0,Package,108,,0,,,,,0.00%,Not Submitted
"1,913",25-Apr,KOL 613,Tiktok,,0,Package,477,,0,,,,,0.00%,Not Submitted
"1,914",30-Apr,KOL 614,Tiktok,,0,Package,91,,0,,,,,0.00%,Not Submitted
"1,915",26-Apr,KOL 615,Tiktok,,0,Package,150,,0,,,,,0.00%,Not Submitted
"1,916",28-Apr,KOL 616,Tiktok,,0,Package,"12,000",,0,,,,,0.00%,Not Submitted
"1,917",27-Apr,KOL 617,Tiktok,,0,Package,,,0,,,,,,Not Submitted
"1,918",22-Apr,KOL 618,Tiktok,,0,Package,314,,0,,,,,0.00%,Not Submitted
"1,919",27-Apr,KOL 619,Tiktok,,0,Package,,,0,,,,,,Not Submitted
"1,920",23-Apr,KOL 620,Tiktok,,0,Package,367,,0,,,,,0.00%,Not Submitted
"1,921",23-Apr,KOL 621,Tiktok,,0,Package,123,,0,,,,,0.00%,Not Submitted
"1,922",13-May,KOL 622,Tiktok,,0,Package,357,327,9,8,0,1,0,2.52%,Submitted
"1,923",28-Apr,KOL 623,Tiktok,,0,Package,"24,300",,0,,,,,0.00%,Not Submitted
"1,924",14-May,KOL 624,Tiktok,,0,Package,141,130,11,11,0,0,0,7.80%,Submitted
"1,925",26-Apr,KOL 625,Tiktok,,0,Package,137,,0,,,,,0.00%,Not Submitted
"1,926",29-Apr,KOL 626,Tiktok,,0,Package,990,,0,,,,,0.00%,Not Submitted
"1,927",30-Apr,KOL 627,Tiktok,,0,Package,106,,0,,,,,0.00%,Not Submitted
"1,928",2-May,KOL 628,Tiktok,,0,Package,177,,0,,,,,0.00%,Not Submitted
"1,929",29-Apr,KOL 629,Tiktok,,0,Package,357,327,9,8,0,1,0,2.52%,Submitted
"1,930",14-May,KOL 630,Tiktok,,0,Package,"5,228",,0,,,,,0.00%,Not Submitted
"1,931",11-May,KOL 631,Tiktok,,0,Package,141,130,11,11,0,0,0,7.80%,Submitted
"1,932",17-May,KOL 632,Tiktok,,0,Package,"3,217",,0,,,,,0.00%,Not Submitted
"1,933",17-May,KOL 633,Tiktok,,0,Package,155,,0,,,,,0.00%,Not Submitted
"1,934",25-May,KOL 634,Tiktok,,0,Package,137,,0,,,,,0.00%,Not Submitted
"1,935",,KOL 635,Tiktok,,0,Package,,,0,,,,,,Not Submitted
"1,936",,KOL 636,Tiktok,,0,Package,,,0,,,,,,Not Submitted
"1,937",,KOL 637,Tiktok,,0,Package,,,0,,,,,,Not Submitted
"1,938",9-May,KOL 638,Tiktok,,0,Package,183,,0,,,,,0.00%,Not Submitted
"1,939",9-May,KOL 639,Tiktok,,0,Package,156,,0,,,,,0.00%,Not Submitted
"1,940",,KOL 640,Tiktok,,0,Package,,,0,,,,,,Not Submitted
"1,941",4-May,KOL 641,Tiktok,,0,Package,"260,500",,0,,,,,0.00%,Not Submitted
"1,942",,KOL 642,Tiktok,,0,Package,,,0,,,,,,Not Submitted
"1,943",5-May,KOL 643,Tiktok,,0,Package,"6,941",,0,,,,,0.00%,Not Submitted
"1,944",6-May,KOL 644,Tiktok,,0,Package,"11,500",,0,,,,,0.00%,Not Submitted
"1,945",4-May,KOL 645,Tiktok,,0,Package,188,,0,,,,,0.00%,Not Submitted
"1,946",,KOL 646,Tiktok,,0,Package,,,0,,,,,,Not Submitted
"1,947",7-May,KOL 647,Tiktok,,0,Package,"3,268",,0,,,,,0.00%,Not Submitted
"1,948",27-May,KOL 648,Tiktok,,0,Package,"12,900",,0,,,,,0.00%,Not Submitted
"1,949",9-May,KOL 649,Tiktok,,0,Package,155,,0,,,,,0.00%,Not Submitted
"1,950",7-May,KOL 650,Tiktok,,0,Package,"12,100",,0,,,,,0.00%,Not Submitted
"1,951",8-May,KOL 651,Tiktok,,0,Package,208,,0,,,,,0.00%,Not Submitted
"1,952",7-May,KOL 652,Tiktok,,0,Package,314,261,21,21,0,0,0,6.69%,Submitted
"1,953",4-May,KOL 653,Tiktok,,0,Package,275,241,24,24,0,0,0,8.73%,Submitted
"1,954",,KOL 654,Tiktok,,0,Package,,,0,,,,,,Not Submitted
"1,955",7-May,KOL 655,Tiktok,,0,Package,193,175,20,20,0,0,0,10.36%,Submitted
"1,956",8-May,KOL 656,Tiktok,,0,Package,"1,874","1,600",39,38,1,0,0,2.08%,Submitted
"1,957",27-Apr,KOL 657,Tiktok,,0,Package,180,,0,,,,,0.00%,Not Submitted
"1,958",5-May,KOL 658,Tiktok,,0,Package,121,,0,,,,,0.00%,Not Submitted
"1,959",29-Apr,KOL 659,Tiktok,,0,Package,175,,0,,,,,0.00%,Not Submitted
"1,960",,KOL 660,Tiktok,,0,Package,,,0,,,,,,Not Submitted
"1,961",4-May,KOL 661,Tiktok,,0,Package,314,261,21,21,0,0,0,6.69%,Submitted
"1,962",29-Apr,KOL 662,Tiktok,,0,Package,275,241,24,24,0,0,0,8.73%,Submitted
"1,963",30-Apr,KOL 663,Tiktok,,0,Package,"11,500",,0,,,,,0.00%,Not Submitted
"1,964",30-Apr,KOL 664,Tiktok,,0,Package,193,175,20,20,0,0,0,10.36%,Submitted
"1,965",4-May,KOL 665,Tiktok,,0,Package,"1,874","1,600",39,38,1,0,0,2.08%,Submitted
"1,966",2-May,KOL 666,Tiktok,,0,Package,74,,0,,,,,0.00%,Not Submitted
"1,967",29-Apr,KOL 667,Tiktok,,0,Package,392,,0,,,,,0.00%,Not Submitted
"1,968",29-Apr,KOL 668,Tiktok,,0,Package,135,,0,,,,,0.00%,Not Submitted
"1,969",29-Apr,KOL 669,Tiktok,,0,Package,"13,100",,0,,,,,0.00%,Not Submitted
"1,970",10-May,KOL 670,Tiktok,,0,Package,94,,0,,,,,0.00%,Not Submitted
"1,971",30-Apr,KOL 671,Tiktok,,0,Package,134,,0,,,,,0.00%,Not Submitted
"1,972",30-Apr,KOL 672,Tiktok,,0,Package,55,,0,,,,,0.00%,Not Submitted
"1,973",30-Apr,KOL 673,Tiktok,,0,Package,89,,0,,,,,0.00%,Not Submitted
"1,974",2-May,KOL 674,Tiktok,,0,Package,149,,0,,,,,0.00%,Not Submitted
"1,975",10-May,KOL 675,Tiktok,,0,Package,343,,0,,,,,0.00%,Not Submitted
"1,976",14-May,KOL 676,Tiktok,,0,Package,"1,443",,0,,,,,0.00%,Not Submitted
"1,977",10-May,KOL 677,Tiktok,,0,Package,"2,999",,0,,,,,0.00%,Not Submitted
"1,978",,KOL 678,Tiktok,,0,Package,,,0,,,,,,Not Submitted
"1,979",3-May,KOL 679,Tiktok,,0,Package,"2,731",,0,,,,,0.00%,Not Submitted
"1,980",11-May,KOL 680,Tiktok,,0,Package,108,,0,,,,,0.00%,Not Submitted
"1,981",7-May,KOL 681,Tiktok,,0,Package,117,,0,,,,,0.00%,Not Submitted
"1,982",13-May,KOL 682,Tiktok,,0,Package,115,,0,,,,,0.00%,Not Submitted
"1,983",6-May,KOL 683,Tiktok,,0,Package,"4,439",,0,,,,,0.00%,Not Submitted
"1,984",3-May,KOL 684,Tiktok,,0,Package,"1,040",117,84,61,19,1,3,8.08%,Submitted
"1,985",29-Apr,KOL 685,Tiktok,,0,Package,94,,0,,,,,0.00%,Not Submitted
"1,986",30-Apr,KOL 686,Tiktok,,0,Package,369,,0,,,,,0.00%,Not Submitted
"1,987",3-May,KOL 687,Tiktok,,0,Package,119,,0,,,,,0.00%,Not Submitted
"1,988",5-May,KOL 688,Tiktok,,0,Package,356,,0,,,,,0.00%,Not Submitted
"1,989",,KOL 689,Tiktok,,0,Package,,,0,,,,,,Not Submitted
"1,990",6-May,KOL 690,Tiktok,,0,Package,"2,189",,0,,,,,0.00%,Not Submitted
"1,991",15-May,KOL 691,Tiktok,,0,Package,"23,700",,0,,,,,0.00%,Not Submitted
"1,992",,KOL 692,Tiktok,,0,Package,,,0,,,,,,Not Submitted
"1,993",6-May,KOL 693,Tiktok,,0,Package,149,,0,,,,,0.00%,Not Submitted
"1,994",6-May,KOL 694,Tiktok,,0,Package,"8,996",,0,,,,,0.00%,Not Submitted
"1,995",31-May,KOL 695,Tiktok,,0,Package,"1,040",117,84,61,19,1,3,8.08%,Submitted
"1,996",29-Apr,KOL 696,Tiktok,,0,Package,"1,474",,0,,,,,0.00%,Not Submitted
"1,997",29-Apr,KOL 697,Tiktok,,0,Package,156,,0,,,,,0.00%,Not Submitted
"1,998",15-Jun,KOL 698,Tiktok,,0,Package,,,0,,,,,,Not Submitted
"1,999",12-May,KOL 699,Tiktok,,0,Package,118,,0,,,,,0.00%,Not Submitted
"2,000",3-May,KOL 700,Tiktok,,0,Package,583,,0,,,,,0.00%,Not Submitted
"2,001",7-May,KOL 701,Tiktok,,0,Package,"2,918",,0,,,,,0.00%,Not Submitted
"2,002",3-May,KOL 702,Tiktok,,0,Package,222,,0,,,,,0.00%,Not Submitted
"2,003",,KOL 703,Tiktok,,0,Package,,,0,,,,,,Not Submitted
"2,004",,KOL 704,Tiktok,,0,Package,,,0,,,,,,Not Submitted
"2,005",14-May,KOL 705,Tiktok,,0,Package,"85,000",,0,,,,,0.00%,Not Submitted
"2,006",6-May,KOL 706,Tiktok,,0,Package,"3,002",,0,,,,,0.00%,Not Submitted
"2,007",,KOL 707,Tiktok,,0,Package,,,0,,,,,,Not Submitted
"2,008",18-May,KOL 708,Tiktok,,0,Package,"11,300",,0,,,,,0.00%,Not Submitted
"2,009",27-May,KOL 709,Tiktok,,0,Package,105,,0,,,,,0.00%,Not Submitted
"2,010",6-May,KOL 710,Tiktok,,0,Package,"2,413",,0,,,,,0.00%,Not Submitted
"2,011",16-May,KOL 711,Tiktok,,0,Package,134,,0,,,,,0.00%,Not Submitted
"2,012",23-May,KOL 712,Tiktok,,0,Package,199,,0,,,,,0.00%,Not Submitted
"2,013",11-May,KOL 713,Tiktok,,0,Package,135,,0,,,,,0.00%,Not Submitted
"2,014",,KOL 714,Tiktok,,0,Package,,,0,,,,,,Not Submitted
"2,015",9-May,KOL 715,Tiktok,,0,Package,149,,0,,,,,0.00%,Not Submitted
"2,016",9-May,KOL 716,Tiktok,,0,Package,998,,0,,,,,0.00%,Not Submitted
"2,017",,KOL 717,Tiktok,,0,Package,,,0,,,,,,Not Submitted
"2,018",12-May,KOL 718,Tiktok,,0,Package,681,,0,,,,,0.00%,Not Submitted
"2,019",,KOL 719,Tiktok,,0,Package,,,0,,,,,,Not Submitted
"2,020",,KOL 720,Tiktok,,0,Package,,,0,,,,,,Not Submitted
"2,021",6-May,KOL 721,Tiktok,,0,Package,"23,000",,0,,,,,0.00%,Not Submitted
"2,022",12-May,KOL 722,Tiktok,,0,Package,229,,0,,,,,0.00%,Not Submitted
"2,023",6-May,KOL 723,Tiktok,,0,Package,173,,0,,,,,0.00%,Not Submitted
"2,024",18-May,KOL 724,Tiktok,,0,Package,250,,0,,,,,0.00%,Not Submitted
"2,025",17-May,KOL 725,Tiktok,,0,Package,"23,800",,0,,,,,0.00%,Not Submitted
"2,026",,KOL 726,Tiktok,,0,Package,,,0,,,,,,Not Submitted
"2,027",10-May,KOL 727,Tiktok,,0,Package,740,687,36,35,0,1,0,4.86%,Submitted
"2,028",8-May,KOL 728,Tiktok,,0,Package,705,353,337,330,2,2,3,47.80%,Submitted
"2,029",,KOL 729,Tiktok,,0,Package,,,0,,,,,,Not Submitted
"2,030",,KOL 730,Tiktok,,0,Package,,,0,,,,,,Not Submitted
"2,031",,KOL 731,Tiktok,,0,Package,,,0,,,,,,Not Submitted
"2,032",,KOL 732,Tiktok,,0,Package,,,0,,,,,,Not Submitted
"2,033",14-May,KOL 733,Tiktok,,0,Package,"1,199",923,57,42,8,2,5,4.75%,Submitted
"2,034",16-May,KOL 734,Tiktok,,0,Package,108,102,1,1,0,0,0,0.00%,Submitted
"2,035",13-May,KOL 735,Tiktok,,0,Package,554,,0,,,,,0.00%,Not Submitted
"2,036",3-Jun,KOL 736,Tiktok,,0,Package,"3,537",,0,,,,,0.00%,Not Submitted
"2,037",12-May,KOL 737,Tiktok,,0,Package,157,,0,,,,,0.00%,Not Submitted
"2,038",9-May,KOL 738,Tiktok,,0,Package,740,687,36,35,0,1,0,4.86%,Submitted
"2,039",,KOL 739,Tiktok,,0,Package,705,353,337,330,2,2,3,47.80%,Submitted
"2,040",16-May,KOL 740,Tiktok,,0,Package,139,,0,,,,,0.00%,Not Submitted
"2,041",15-May,KOL 741,Tiktok,,0,Package,"3,027",,0,,,,,0.00%,Not Submitted
"2,042",26-May,KOL 742,Tiktok,,0,Package,,,0,,,,,,Not Submitted
"2,043",18-May,KOL 743,Tiktok,,0,Package,84,,0,,,,,0.00%,Not Submitted
"2,044",10-May,KOL 744,Tiktok,,0,Package,"1,199",923,57,42,8,2,5,4.75%,Submitted
"2,045",23-May,KOL 745,Tiktok,,0,Package,108,102,1,1,0,0,0,0.93%,Submitted
"2,046",15-May,KOL 746,Tiktok,,0,Package,143,,0,,,,,0.00%,Not Submitted
"2,047",13-May,KOL 747,Tiktok,,0,Package,454,,0,,,,,0.00%,Not Submitted
"2,048",30-May,KOL 748,Tiktok,,0,Package,254,,0,,,,,0.00%,Not Submitted
"2,049",17-May,KOL 749,Tiktok,,0,Package,171,,0,,,,,0.00%,Not Submitted
"2,050",10-May,KOL 750,Tiktok,,0,Package,"27,100",,0,,,,,0.00%,Not Submitted
"2,051",12-May,KOL 751,Tiktok,,0,Package,244,,0,,,,,0.00%,Not Submitted
"2,052",15-May,KOL 752,Tiktok,,0,Package,"38,600",,0,,,,,0.00%,Not Submitted
"2,053",26-May,KOL 753,Tiktok,,0,Package,201,,0,,,,,0.00%,Not Submitted
"2,054",7-Jun,KOL 754,Tiktok,,0,Package,"1,627",,0,,,,,0.00%,Not Submitted
"2,055",17-May,KOL 755,Tiktok,,0,Package,"12,000",,0,,,,,0.00%,Not Submitted
"2,056",6-Jun,KOL 756,Tiktok,,0,Package,,,0,,,,,,Not Submitted
"2,057",21-May,KOL 757,Tiktok,,0,Package,"48,800",,0,,,,,0.00%,Not Submitted
"2,058",11-May,KOL 758,Tiktok,,0,Package,231,,0,,,,,0.00%,Not Submitted
"2,059",20-May,KOL 759,Tiktok,,0,Package,"1,494",,0,,,,,0.00%,Not Submitted
"2,060",22-May,KOL 760,Tiktok,,0,Package,"32,800",,0,,,,,0.00%,Not Submitted
"2,061",25-May,KOL 761,Tiktok,,0,Package,"9,865",,0,,,,,0.00%,Not Submitted
"2,062",11-May,KOL 762,Tiktok,,0,Package,110,,0,,,,,0.00%,Not Submitted
"2,063",28-May,KOL 763,Tiktok,,0,Package,110,,0,,,,,0.00%,Not Submitted
"2,064",25-May,KOL 764,Tiktok,,0,Package,290,,0,,,,,0.00%,Not Submitted
"2,065",23-May,KOL 765,Tiktok,,0,Package,"23,900",,0,,,,,0.00%,Not Submitted
"2,066",11-May,KOL 766,Tiktok,,0,Package,"1,450","1,300",246,203,41,2,0,16.97%,Submitted
"2,067",15-May,KOL 767,Tiktok,,0,Package,"4,503","2,000",97,32,30,30,5,2.15%,Submitted
"2,068",12-May,KOL 768,Tiktok,,0,Package,216,188,11,11,0,0,0,5.09%,Submitted
"2,069",13-May,KOL 769,Tiktok,,0,Package,111,102,4,3,1,0,0,3.60%,Submitted
"2,070",15-May,KOL 770,Tiktok,,0,Package,152,131,16,8,4,2,2,10.53%,Submitted
"2,071",,KOL 771,Tiktok,,0,Package,,,0,,,,,,Not Submitted
"2,072",9-May,KOL 772,Tiktok,,0,Package,343,,0,,,,,0.00%,Not Submitted
"2,073",13-May,KOL 773,Tiktok,,0,Package,76,,0,,,,,0.00%,Not Submitted
"2,074",10-May,KOL 774,Tiktok,,0,Package,175,,0,,,,,0.00%,Not Submitted
"2,075",25-May,KOL 775,Tiktok,,0,Package,192,,0,,,,,0.00%,Not Submitted
"2,076",11-May,KOL 776,Tiktok,,0,Package,"1,948",,0,,,,,0.00%,Not Submitted
"2,077",,KOL 777,Tiktok,,0,Package,,,0,,,,,,Not Submitted
"2,078",11-May,KOL 778,Tiktok,,0,Package,"4,503","2,000",97,32,30,5,30,2.15%,Submitted
"2,079",12-May,KOL 779,Tiktok,,0,Package,216,188,11,11,0,0,0,5.09%,Submitted
"2,080",12-May,KOL 780,Tiktok,,0,Package,111,102,4,3,1,0,0,3.60%,Submitted
"2,081",15-May,KOL 781,Tiktok,,0,Package,152,131,16,8,4,2,2,10.53%,Submitted
"2,082",21-May,KOL 782,Tiktok,,0,Package,"2,488",,0,,,,,0.00%,Not Submitted
"2,083",12-Jun,KOL 783,Tiktok,,0,Package,,,0,,,,,,Not Submitted
"2,084",,KOL 784,Tiktok,,0,Package,,,0,,,,,,Not Submitted
"2,085",19-May,KOL 785,Tiktok,,0,Package,220,,0,,,,,0.00%,Not Submitted
"2,086",17-May,KOL 786,Tiktok,,0,Package,"7,504",,0,,,,,0.00%,Not Submitted
"2,087",11-May,KOL 787,Tiktok,,0,Package,"1,560",,0,,,,,0.00%,Not Submitted
"2,088",3-Jun,KOL 788,Tiktok,,0,Package,,,0,,,,,,Not Submitted
"2,089",28-May,KOL 789,Tiktok,,0,Package,"65,300",,0,,,,,0.00%,Not Submitted
"2,090",16-May,KOL 790,Tiktok,,0,Package,507,,0,,,,,0.00%,Not Submitted
"2,091",16-May,KOL 791,Tiktok,,0,Package,229,,0,,,,,0.00%,Not Submitted
"2,092",21-May,KOL 792,Tiktok,,0,Package,"10,400",,0,,,,,0.00%,Not Submitted
"2,093",13-May,KOL 793,Tiktok,,0,Package,156,,0,,,,,0.00%,Not Submitted
"2,094",20-May,KOL 794,Tiktok,,0,Package,"1,048",,0,,,,,0.00%,Not Submitted
"2,095",21-May,KOL 795,Tiktok,,0,Package,118,,0,,,,,0.00%,Not Submitted
"2,096",16-May,KOL 796,Tiktok,,0,Package,589,,0,,,,,0.00%,Not Submitted
"2,097",20-May,KOL 797,Tiktok,,0,Package,"7,363",,0,,,,,0.00%,Not Submitted
"2,098",27-May,KOL 798,Tiktok,,0,Package,"8,891",,0,,,,,0.00%,Not Submitted
"2,099",17-May,KOL 799,Tiktok,,0,Package,181,,0,,,,,0.00%,Not Submitted
"2,100",,KOL 800,Tiktok,,0,Package,,,0,,,,,,Not Submitted
"2,101",21-May,KOL 801,Tiktok,,0,Package,"2,488",,0,,,,,0.00%,Not Submitted
"2,102",20-May,KOL 802,Tiktok,,0,Package,"2,409",,0,,,,,0.00%,Not Submitted
"2,103",21-May,KOL 803,Tiktok,,0,Package,82,,0,,,,,0.00%,Not Submitted
"2,104",26-May,KOL 804,Tiktok,,0,Package,164,,0,,,,,0.00%,Not Submitted
"2,105",1-Jun,KOL 805,Tiktok,,0,Package,,,0,,,,,,Not Submitted
"2,106",28-May,KOL 806,Tiktok,,0,Package,188,,0,,,,,0.00%,Not Submitted
"2,107",5-Jun,KOL 807,Tiktok,,0,Package,,,0,,,,,,Not Submitted
"2,108",29-May,KOL 808,Tiktok,,0,Package,"1,612",,0,,,,,0.00%,Not Submitted
"2,109",27-May,KOL 809,Tiktok,,0,Package,"1,098",,0,,,,,0.00%,Not Submitted
"2,110",22-May,KOL 810,Tiktok,,0,Package,"1,448",,0,,,,,0.00%,Not Submitted
"2,111",29-May,KOL 811,Tiktok,,0,Package,286,,0,,,,,0.00%,Not Submitted
"2,112",28-May,KOL 812,Tiktok,,0,Package,"3,468",,0,,,,,0.00%,Not Submitted
"2,113",27-May,KOL 813,Tiktok,,0,Package,,,0,,,,,,Not Submitted
"2,114",27-May,KOL 814,Tiktok,,0,Package,"2,004",,0,,,,,0.00%,Not Submitted
"2,115",26-May,KOL 815,Tiktok,,0,Package,261,,0,,,,,0.00%,Not Submitted
"2,116",7-Jun,KOL 816,Tiktok,,0,Package,,,0,,,,,,Not Submitted
"2,117",27-May,KOL 817,Tiktok,,0,Package,310,,0,,,,,0.00%,Not Submitted
"2,118",3-Jun,KOL 818,Tiktok,,0,Package,,,0,,,,,,Not Submitted
"2,119",,KOL 819,Tiktok,,0,Package,,,0,,,,,,Not Submitted
"2,120",24-May,KOL 820,Tiktok,,0,Package,150,,0,,,,,0.00%,Not Submitted
"2,121",24-May,KOL 821,Tiktok,,0,Package,,,0,,,,,,Not Submitted
"2,122",,KOL 822,Tiktok,,0,Package,,,0,,,,,,Not Submitted
"2,123",25-May,KOL 823,Tiktok,,0,Package,259,,0,,,,,0.00%,Not Submitted
"2,124",26-May,KOL 824,Tiktok,,0,Package,825,,0,,,,,0.00%,Not Submitted
"2,125",26-May,KOL 825,Tiktok,,0,Package,"1,548",,0,,,,,0.00%,Not Submitted
"2,126",21-May,KOL 826,Tiktok,,0,Package,"12,300",,0,,,,,0.00%,Not Submitted
"2,127",21-May,KOL 827,Tiktok,,0,Package,120,,0,,,,,0.00%,Not Submitted
"2,128",,KOL 828,Tiktok,,0,Package,,,0,,,,,,Not Submitted
"2,129",15-Jun,KOL 829,Tiktok,,0,Package,,,0,,,,,,Not Submitted
"2,130",12-Jun,KOL 830,Tiktok,,0,Package,,,0,,,,,,Not Submitted
"2,131",11-Jun,KOL 831,Tiktok,,0,Package,,,0,,,,,,Not Submitted
"2,132",17-Jun,KOL 832,Tiktok,,0,Package,,,0,,,,,,Not Submitted
"2,133",,KOL 833,Tiktok,,0,Package,"11,000",109,599,511,4,7,77,5.45%,Submitted
"2,134",10-Jun,KOL 834,Tiktok,,0,Package,,,0,,,,,,Not Submitted
"2,135",10-Jun,KOL 835,Tiktok,,0,Package,,,0,,,,,,Not Submitted
"2,136",,KOL 836,Tiktok,,0,Package,,,0,,,,,,Not Submitted
"2,137",9-Jun,KOL 837,Tiktok,,0,Package,,,0,,,,,,Not Submitted
"2,138",,KOL 838,Tiktok,,0,Package,,,0,,,,,,Not Submitted
"2,139",,KOL 839,Tiktok,,0,Package,,,0,,,,,,Not Submitted
"2,140",8-Jun,KOL 840,Tiktok,,0,Package,,,0,,,,,,Not Submitted
"2,141",15-Jun,KOL 841,Tiktok,,0,Package,,,0,,,,,,Not Submitted
"2,142",8-Jun,KOL 842,Tiktok,,0,Package,,,0,,,,,,Not Submitted
"2,143",28-May,KOL 843,Tiktok,,0,Package,286,,0,,,,,0.00%,Not Submitted
"2,144",2-Jun,KOL 844,Tiktok,,0,Package,,,0,,,,,,Not Submitted
"2,145",13-Jun,KOL 845,Tiktok,,0,Package,,,0,,,,,,Not Submitted
"2,146",28-May,KOL 846,Tiktok,,0,Package,"2,179",,0,,,,,0.00%,Not Submitted
"2,147",28-May,KOL 847,Tiktok,,0,Package,936,,0,,,,,0.00%,Not Submitted
"2,148",1-Jun,KOL 848,Tiktok,,0,Package,,,0,,,,,,Not Submitted
"2,149",28-May,KOL 849,Tiktok,,0,Package,477,,0,,,,,0.00%,Not Submitted
"2,150",28-May,KOL 850,Tiktok,,0,Package,"35,800",,0,,,,,0.00%,Not Submitted
"2,151",5-Jun,KOL 851,Tiktok,,0,Package,,,0,,,,,,Not Submitted
"2,152",3-Jun,KOL 852,Tiktok,,0,Package,,,0,,,,,,Not Submitted
"2,153",,KOL 853,Tiktok,,0,Package,,,0,,,,,,Not Submitted
"2,154",31-May,KOL 854,Tiktok,,0,Package,"15,000",,0,,,,,0.00%,Not Submitted
"2,155",2-Jun,KOL 855,Tiktok,,0,Package,,,0,,,,,,Not Submitted
"2,156",1-Jun,KOL 856,Tiktok,,0,Package,,,0,,,,,,Not Submitted
"2,157",,KOL 857,Tiktok,,0,Package,,,0,,,,,,Not Submitted
"2,158",,KOL 858,Tiktok,,0,Package,,,0,,,,,,Not Submitted
"2,159",,KOL 859,Tiktok,,0,Package,,,0,,,,,,Not Submitted
"2,160",,KOL 860,Tiktok,,0,Package,,,0,,,,,,Not Submitted
"2,161",,KOL 861,Tiktok,,0,Package,,,0,,,,,,Not Submitted
"2,162",,KOL 862,Tiktok,,0,Package,,,0,,,,,,Not Submitted
"2,163",,KOL 863,Tiktok,,0,Package,,,0,,,,,,Not Submitted
"2,164",,KOL 864,Tiktok,,0,Package,,,0,,,,,,Not Submitted
"2,165",,KOL 865,Tiktok,,0,Package,,,0,,,,,,Not Submitted
"2,166",15-Jun,KOL 866,Tiktok,,0,Package,,,0,,,,,,Not Submitted
"2,167",,KOL 867,Tiktok,,0,Package,,,0,,,,,,Not Submitted
"2,168",4-Jun,KOL 868,Tiktok,,0,Package,,,0,,,,,,Not Submitted
"2,169",,KOL 869,Tiktok,,0,Package,,,0,,,,,,Not Submitted
"2,170",11-Jun,KOL 870,Tiktok,,0,Package,,,0,,,,,,Not Submitted
"2,171",,KOL 871,Tiktok,,0,Package,,,0,,,,,,Not Submitted
"2,172",,KOL 872,Tiktok,,0,Package,,,0,,,,,,Not Submitted
"2,173",,KOL 873,Tiktok,,0,Package,,,0,,,,,,Not Submitted
"2,174",,KOL 874,Tiktok,,0,Package,,,0,,,,,,Not Submitted
"2,175",12-Jun,KOL 875,Tiktok,,0,Package,,,0,,,,,,Not Submitted
"2,176",17-Jun,KOL 876,Tiktok,,0,Package,,,0,,,,,,Not Submitted
"2,177",,KOL 877,Tiktok,,0,Package,,,0,,,,,,Not Submitted
"2,178",17-Jun,KOL 878,Tiktok,,0,Package,,,0,,,,,,Not Submitted
"2,179",9-Jun,KOL 879,Tiktok,,0,Package,,,0,,,,,,Not Submitted
"2,180",12-Jun,KOL 880,Tiktok,,0,Package,,,0,,,,,,Not Submitted
"2,181",11-Jun,KOL 881,Tiktok,,0,Package,,,0,,,,,,Not Submitted
"2,182",17-Jun,KOL 882,Tiktok,,0,Package,,,0,,,,,,Not Submitted
"2,183",,KOL 883,Tiktok,,0,Package,,,0,,,,,,Not Submitted
"2,184",,KOL 884,Tiktok,,0,Package,,,0,,,,,,Not Submitted
"2,185",,KOL 885,Tiktok,,0,Package,,,0,,,,,,Not Submitted
"2,186",,KOL 886,Tiktok,,0,Package,,,0,,,,,,Not Submitted
"2,187",,KOL 887,Tiktok,,0,Package,,,0,,,,,,Not Submitted
"2,188",,KOL 888,Tiktok,,0,Package,,,0,,,,,,Not Submitted
"2,189",,KOL 889,Tiktok,,0,Package,,,0,,,,,,Not Submitted
"2,190",,KOL 890,Tiktok,,0,Package,,,0,,,,,,Not Submitted
"2,191",13-Jun,KOL 891,Tiktok,,0,Package,,,0,,,,,,Not Submitted
"2,192",29-May,KOL 892,Tiktok,,0,Package,797,,0,,,,,0.00%,Not Submitted
"2,193",5-Jun,KOL 893,Tiktok,,0,Package,,,0,,,,,,Not Submitted
"2,194",,KOL 894,Tiktok,,0,Package,,,0,,,,,,Not Submitted
"2,195",,KOL 895,Tiktok,,0,Package,,,0,,,,,,Not Submitted
"2,196",11-Jun,KOL 896,Tiktok,,0,Package,,,0,,,,,,Not Submitted
"2,197",2-Jun,KOL 897,Tiktok,,0,Package,,,0,,,,,,Not Submitted
"2,198",28-May,KOL 898,Tiktok,,0,Package,713,,0,,,,,0.00%,Not Submitted
"2,199",11-Jun,KOL 899,Tiktok,,0,Package,,,0,,,,,,Not Submitted
"2,200",3-Jun,KOL 900,Tiktok,,0,Package,,,0,,,,,,Not Submitted
"2,201",3-Jun,KOL 901,Tiktok,,0,Package,,,0,,,,,,Not Submitted
"2,202",5-Jun,KOL 902,Tiktok,,0,Package,,,0,,,,,,Not Submitted
"2,203",,KOL 903,Tiktok,,0,Package,,,0,,,,,,Not Submitted
"2,204",7-Jun,KOL 904,Tiktok,,0,Package,,,0,,,,,,Not Submitted
"2,205",,KOL 905,Tiktok,,0,Package,,,0,,,,,,Not Submitted
"2,206",,KOL 906,Tiktok,,0,Package,,,0,,,,,,Not Submitted
"2,207",7-Jun,KOL 907,Tiktok,,0,Package,,,0,,,,,,Not Submitted
"2,208",,KOL 908,Tiktok,,0,Package,,,0,,,,,,Not Submitted
"2,209",16-Jun,KOL 909,Tiktok,,0,Package,,,0,,,,,,Not Submitted
"2,210",16-Jun,KOL 910,Tiktok,,0,Package,,,0,,,,,,Not Submitted
"2,211",,KOL 911,Tiktok,,0,Package,,,0,,,,,,Not Submitted
"2,212",11-Jun,KOL 912,Tiktok,,0,Package,,,0,,,,,,Not Submitted
"2,213",,KOL 913,Tiktok,,0,Package,,,0,,,,,,Not Submitted
"2,214",,KOL 914,Tiktok,,0,Package,,,0,,,,,,Not Submitted
"2,215",,KOL 915,Tiktok,,0,Package,,,0,,,,,,Not Submitted
"2,216",,KOL 916,Tiktok,,0,Package,,,0,,,,,,Not Submitted
"2,217",,KOL 917,Tiktok,,0,Package,,,0,,,,,,Not Submitted
"2,218",18-Jun,KOL 918,Tiktok,,0,Package,,,0,,,,,,Not Submitted
"2,219",,KOL 919,Tiktok,,0,Package,,,0,,,,,,Not Submitted
"2,220",,KOL 920,Tiktok,,0,Package,,,0,,,,,,Not Submitted
"2,221",6-Jun,KOL 921,Tiktok,,0,Package,,,0,,,,,,Not Submitted
"2,222",1-Jun,KOL 922,Tiktok,,0,Package,,,0,,,,,,Not Submitted
"2,223",5-Jun,KOL 923,Tiktok,,0,Package,,,0,,,,,,Not Submitted
"2,224",,KOL 924,Tiktok,,0,Package,,,0,,,,,,Not Submitted
"2,225",,KOL 925,Tiktok,,0,Package,,,0,,,,,,Not Submitted
"2,226",,KOL 926,Tiktok,,0,Package,,,0,,,,,,Not Submitted
"2,227",9-Jun,KOL 927,Tiktok,,0,Package,,,0,,,,,,Not Submitted
"2,228",11-Jun,KOL 928,Tiktok,,0,Package,,,0,,,,,,Not Submitted
"2,229",,KOL 929,Tiktok,,0,Package,,,0,,,,,,Not Submitted
"2,230",4-Jun,KOL 930,Tiktok,,0,Package,,,0,,,,,,Not Submitted
"2,231",15-Jun,KOL 931,Tiktok,,0,Package,,,0,,,,,,Not Submitted
"2,232",18-Jun,KOL 932,Tiktok,,0,Package,,,0,,,,,,Not Submitted
"2,233",,KOL 933,Tiktok,,0,Package,,,0,,,,,,Not Submitted
"2,234",,KOL 934,Tiktok,,0,Package,,,0,,,,,,Not Submitted
"2,235",10-Jun,KOL 935,Tiktok,,0,Package,,,0,,,,,,Not Submitted
"2,236",14-Jun,KOL 936,Tiktok,,0,Package,,,0,,,,,,Not Submitted
"2,237",13-Jun,KOL 937,Tiktok,,0,Package,,,0,,,,,,Not Submitted
"2,238",,KOL 938,Tiktok,,0,Package,,,0,,,,,,Not Submitted
"2,239",11-Jun,KOL 939,Tiktok,,0,Package,,,0,,,,,,Not Submitted
"2,240",13-Jun,KOL 940,Tiktok,,0,Package,,,0,,,,,,Not Submitted
"2,241",10-Jun,KOL 941,Tiktok,,0,Package,,,0,,,,,,Not Submitted
"2,242",,KOL 942,Tiktok,,0,Package,,,0,,,,,,Not Submitted
"2,243",13-Jun,KOL 943,Tiktok,,0,Package,,,0,,,,,,Not Submitted
"2,244",10-Jun,KOL 944,Tiktok,,0,Package,,,0,,,,,,Not Submitted
"2,245",8-Jun,KOL 945,Tiktok,,0,Package,,,0,,,,,,Not Submitted
"2,246",,KOL 946,Tiktok,,0,Package,,,0,,,,,,Not Submitted
"2,247",13-Jun,KOL 947,Tiktok,,0,Package,,,0,,,,,,Not Submitted
"2,248",10-Jun,KOL 948,Tiktok,,0,Package,,,0,,,,,,Not Submitted
"2,249",,KOL 949,Tiktok,,0,Package,,,0,,,,,,Not Submitted
"2,250",,KOL 950,Tiktok,,0,Package,,,0,,,,,,Not Submitted
"2,251",,KOL 951,Tiktok,,0,Package,,,0,,,,,,Not Submitted
"2,252",,KOL 952,Tiktok,,0,Package,,,0,,,,,,Not Submitted
"2,253",13-Jun,KOL 953,Tiktok,,0,Package,,,0,,,,,,Not Submitted
"2,254",1-Jun,KOL 954,Tiktok,,0,Package,,,0,,,,,,Not Submitted
"2,255",15-Jun,KOL 955,Tiktok,,0,Package,,,0,,,,,,Not Submitted
"2,256",1-Jun,KOL 956,Tiktok,,0,Package,,,0,,,,,,Not Submitted
"2,257",9-Jun,KOL 957,Tiktok,,0,Package,,,0,,,,,,Not Submitted
"2,258",,KOL 958,Tiktok,,0,Package,,,0,,,,,,Not Submitted
"2,259",,KOL 959,Tiktok,,0,Package,,,0,,,,,,Not Submitted
"2,260",,KOL 960,Tiktok,,0,Package,,,0,,,,,,Not Submitted
"2,261",,KOL 961,Tiktok,,0,Package,,,0,,,,,,Not Submitted
"2,262",,KOL 962,Tiktok,,0,Package,,,0,,,,,,Not Submitted
"2,263",16-Jun,KOL 963,Tiktok,,0,Package,,,0,,,,,,Not Submitted
"2,264",,KOL 964,Tiktok,,0,Package,,,0,,,,,,Not Submitted
"2,265",,KOL 965,Tiktok,,0,Package,,,0,,,,,,Not Submitted
"2,266",,KOL 966,Tiktok,,0,Package,,,0,,,,,,Not Submitted
"2,267",,KOL 967,Tiktok,,0,Package,,,0,,,,,,Not Submitted
"2,268",,KOL 968,Tiktok,,0,Package,,,0,,,,,,Not Submitted
"2,269",,KOL 969,Tiktok,,0,Package,,,0,,,,,,Not Submitted
"2,270",15-Jun,KOL 970,Tiktok,,0,Package,,,0,,,,,,Not Submitted
"2,271",,KOL 971,Tiktok,,0,Package,,,0,,,,,,Not Submitted
"2,272",,KOL 972,Tiktok,,0,Package,,,0,,,,,,Not Submitted
"2,273",,KOL 973,Tiktok,,0,Package,,,0,,,,,,Not Submitted
"2,274",,KOL 974,Tiktok,,0,Package,,,0,,,,,,Not Submitted
"2,275",,KOL 975,Tiktok,,0,Package,,,0,,,,,,Not Submitted
"2,276",11-Jun,KOL 976,Tiktok,,0,Package,,,0,,,,,,Not Submitted
"2,277",,KOL 977,Tiktok,,0,Package,,,0,,,,,,Not Submitted
"2,278",,KOL 978,Tiktok,,0,Package,,,0,,,,,,Not Submitted
"2,279",,KOL 979,Tiktok,,0,Package,,,0,,,,,,Not Submitted
"2,280",,KOL 980,Tiktok,,0,Package,,,0,,,,,,Not Submitted
"2,281",,KOL 981,Tiktok,,0,Package,,,0,,,,,,Not Submitted
"2,282",15-Jun,KOL 982,Tiktok,,0,Package,,,0,,,,,,Not Submitted
"2,283",,KOL 983,Tiktok,,0,Package,,,0,,,,,,Not Submitted
"2,284",,KOL 984,Tiktok,,0,Package,,,0,,,,,,Not Submitted
"2,285",,KOL 985,Tiktok,,0,Package,,,0,,,,,,Not Submitted
"2,286",12-Jun,KOL 986,Tiktok,,0,Package,,,0,,,,,,Not Submitted
"2,287",,KOL 987,Tiktok,,0,Package,,,0,,,,,,Not Submitted
"2,288",,KOL 988,Tiktok,,0,Package,,,0,,,,,,Not Submitted
"2,289",,KOL 989,Tiktok,,0,Package,,,0,,,,,,Not Submitted
"2,290",,KOL 990,Tiktok,,0,Package,,,0,,,,,,Not Submitted
"2,291",,KOL 991,Tiktok,,0,Package,,,0,,,,,,Not Submitted
"2,292",2-Jun,KOL 992,Tiktok,,0,Package,,,0,,,,,,Not Submitted
"2,293",17-Jun,KOL 993,Tiktok,,0,Package,,,0,,,,,,Not Submitted
"2,294",,KOL 994,Tiktok,,0,Package,,,0,,,,,,Not Submitted
"2,295",17-Jun,KOL 995,Tiktok,,0,Package,,,0,,,,,,Not Submitted
"2,296",10-Jun,KOL 996,Tiktok,,0,Package,,,0,,,,,,Not Submitted
"2,297",10-Jun,KOL 997,Tiktok,,0,Package,,,0,,,,,,Not Submitted
"2,298",10-Jun,KOL 998,Tiktok,,0,Package,,,0,,,,,,Not Submitted
"2,299",,KOL 999,Tiktok,,0,Package,,,0,,,,,,Not Submitted
"2,300",17-Jun,KOL 1000,Tiktok,,0,Package,,,0,,,,,,Not Submitted
"2,301",17-Jun,KOL 1001,Tiktok,,0,Package,,,0,,,,,,Not Submitted
"2,302",18-Jun,KOL 1002,Tiktok,,0,Package,,,0,,,,,,Not Submitted
"2,303",12-Jun,KOL 1003,Tiktok,,0,Package,,,0,,,,,,Not Submitted
"2,304",,KOL 1004,Tiktok,,0,Package,,,0,,,,,,Not Submitted
"2,305",,KOL 1005,Tiktok,,0,Package,,,0,,,,,,Not Submitted
"2,306",,KOL 1006,Tiktok,,0,Package,,,0,,,,,,Not Submitted
"2,307",12-Jun,KOL 1007,Tiktok,,0,Package,,,0,,,,,,Not Submitted
"2,308",,KOL 1008,Tiktok,,0,Package,,,0,,,,,,Not Submitted
"2,309",,KOL 1009,Tiktok,,0,Package,,,0,,,,,,Not Submitted
"2,310",,KOL 1010,Tiktok,,0,Package,,,0,,,,,,Not Submitted
"2,311",,KOL 1011,Tiktok,,0,Package,,,0,,,,,,Not Submitted
"2,312",,KOL 1012,Tiktok,,0,Package,,,0,,,,,,Not Submitted
"2,313",,KOL 1013,Tiktok,,0,Package,,,0,,,,,,Not Submitted
"2,314",,KOL 1014,Tiktok,,0,Package,,,0,,,,,,Not Submitted
"2,315",,KOL 1015,Tiktok,,0,Package,,,0,,,,,,Not Submitted
"2,316",,KOL 1016,Tiktok,,0,Package,,,0,,,,,,Not Submitted
"2,317",9-Jun,KOL 1017,Tiktok,,0,Package,,,0,,,,,,Not Submitted
"2,318",,KOL 1018,Tiktok,,0,Package,,,0,,,,,,Not Submitted
"2,319",12-Jun,KOL 1019,Tiktok,,0,Package,,,0,,,,,,Not Submitted
"2,320",,KOL 1020,Tiktok,,0,Package,,,0,,,,,,Not Submitted
"2,321",,KOL 1021,Tiktok,,0,Package,,,0,,,,,,Not Submitted
"2,322",,KOL 1022,Tiktok,,0,Package,,,0,,,,,,Not Submitted
"2,323",,KOL 1023,Tiktok,,0,Package,,,0,,,,,,Not Submitted
"2,324",,KOL 1024,Tiktok,,0,Package,,,0,,,,,,Not Submitted
"2,325",18-Jun,KOL 1025,Tiktok,,0,Package,,,0,,,,,,Not Submitted
"2,326",,KOL 1026,Tiktok,,0,Package,,,0,,,,,,Not Submitted
"2,327",,KOL 1027,Tiktok,,0,Package,,,0,,,,,,Not Submitted
"2,328",,KOL 1028,Tiktok,,0,Package,,,0,,,,,,Not Submitted
"2,329",,KOL 1029,Tiktok,,0,Package,,,0,,,,,,Not Submitted
"2,330",,KOL 1030,Tiktok,,0,Package,,,0,,,,,,Not Submitted
"2,331",,KOL 1031,Tiktok,,0,Package,,,0,,,,,,Not Submitted
"2,332",,KOL 1032,Tiktok,,0,Package,,,0,,,,,,Not Submitted
"2,333",,KOL 1033,Tiktok,,0,Package,,,0,,,,,,Not Submitted
"2,334",,KOL 1034,Tiktok,,0,Package,,,0,,,,,,Not Submitted
"2,335",,KOL 1035,Tiktok,,0,Package,,,0,,,,,,Not Submitted
"2,336",,KOL 1036,Tiktok,,0,Package,,,0,,,,,,Not Submitted
"2,337",,KOL 1037,Tiktok,,0,Package,,,0,,,,,,Not Submitted
"2,338",18-Jun,KOL 1038,Tiktok,,0,Package,,,0,,,,,,Not Submitted
"2,339",16-Jun,KOL 1039,Tiktok,,0,Package,,,0,,,,,,Not Submitted
"2,340",,KOL 1040,Tiktok,,0,Package,,,0,,,,,,Not Submitted
"2,341",16-Jun,KOL 1041,Tiktok,,0,Package,,,0,,,,,,Not Submitted
"2,342",14-Jun,KOL 1042,Tiktok,,0,Package,,,0,,,,,,Not Submitted
"2,343",15-Jun,KOL 1043,Tiktok,,0,Package,,,0,,,,,,Not Submitted
"2,344",,KOL 1044,Tiktok,,0,Package,,,0,,,,,,Not Submitted
"2,345",12-Jun,KOL 1045,Tiktok,,0,Package,,,0,,,,,,Not Submitted
"2,346",18-Jun,KOL 1046,Tiktok,,0,Package,,,0,,,,,,Not Submitted
"2,347",11-Jun,KOL 1047,Tiktok,,0,Package,,,0,,,,,,Not Submitted
"2,348",,KOL 1048,Tiktok,,0,Package,,,0,,,,,,Not Submitted
"2,349",11-Jun,KOL 1049,Tiktok,,0,Package,,,0,,,,,,Not Submitted
"2,350",,KOL 1050,Tiktok,,0,Package,,,0,,,,,,Not Submitted
"2,351",14-Jun,KOL 1051,Tiktok,,0,Package,,,0,,,,,,Not Submitted
"2,352",,KOL 1052,Tiktok,,0,Package,,,0,,,,,,Not Submitted
"2,353",,KOL 1053,Tiktok,,0,Package,,,0,,,,,,Not Submitted
"2,354",,KOL 1054,Tiktok,,0,Package,,,0,,,,,,Not Submitted
"2,355",,KOL 1055,Tiktok,,0,Package,,,0,,,,,,Not Submitted
"2,356",,KOL 1056,Tiktok,,0,Package,,,0,,,,,,Not Submitted
"2,357",16-Jun,KOL 1057,Tiktok,,0,Package,,,0,,,,,,Not Submitted
"2,358",,KOL 1058,Tiktok,,0,Package,,,0,,,,,,Not Submitted
"2,359",,KOL 1059,Tiktok,,0,Package,,,0,,,,,,Not Submitted
"2,360",,KOL 1060,Tiktok,,0,Package,,,0,,,,,,Not Submitted
"2,361",,KOL 1061,Tiktok,,0,Package,,,0,,,,,,Not Submitted
"2,362",,KOL 1062,Tiktok,,0,Package,,,0,,,,,,Not Submitted
"2,363",14-Jun,KOL 1063,Tiktok,,0,Package,,,0,,,,,,Not Submitted
"2,364",,KOL 1064,Tiktok,,0,Package,,,0,,,,,,Not Submitted
"2,365",,KOL 1065,Tiktok,,0,Package,,,0,,,,,,Not Submitted
"2,366",,KOL 1066,Tiktok,,0,Package,,,0,,,,,,Not Submitted
"2,367",,KOL 1067,Tiktok,,0,Package,,,0,,,,,,Not Submitted
"2,368",,KOL 1068,Tiktok,,0,Package,,,0,,,,,,Not Submitted
"2,369",,KOL 1069,Tiktok,,0,Package,,,0,,,,,,Not Submitted
"2,370",,KOL 1070,Tiktok,,0,Package,,,0,,,,,,Not Submitted
"2,371",,KOL 1071,Tiktok,,0,Package,,,0,,,,,,Not Submitted
"2,372",,KOL 1072,Tiktok,,0,Package,,,0,,,,,,Not Submitted
"2,373",,KOL 1073,Tiktok,,0,Package,,,0,,,,,,Not Submitted
"2,374",,KOL 1074,Tiktok,,0,Package,,,0,,,,,,Not Submitted
"2,375",17-Jun,KOL 1075,Tiktok,,0,Package,,,0,,,,,,Not Submitted
"2,376",,KOL 1076,Tiktok,,0,Package,,,0,,,,,,Not Submitted
"2,377",,KOL 1077,Tiktok,,0,Package,,,0,,,,,,Not Submitted
"2,378",,KOL 1078,Tiktok,,0,Package,,,0,,,,,,Not Submitted
"2,379",,KOL 1079,Tiktok,,0,Package,,,0,,,,,,Not Submitted
"2,380",,KOL 1080,Tiktok,,0,Package,,,0,,,,,,Not Submitted
"2,381",,KOL 1081,Tiktok,,0,Package,,,0,,,,,,Not Submitted
"2,382",,KOL 1082,Tiktok,,0,Package,,,0,,,,,,Not Submitted
"2,383",,KOL 1083,Tiktok,,0,Package,,,0,,,,,,Not Submitted
"2,384",,KOL 1084,Tiktok,,0,Package,,,0,,,,,,Not Submitted
"2,385",15-Jun,KOL 1085,Tiktok,,0,Package,,,0,,,,,,Not Submitted
"2,386",15-Jun,KOL 1086,Tiktok,,0,Package,,,0,,,,,,Not Submitted
"2,387",,KOL 1087,Tiktok,,0,Package,,,0,,,,,,Not Submitted
"2,388",,KOL 1088,Tiktok,,0,Package,,,0,,,,,,Not Submitted
"2,389",,KOL 1089,Tiktok,,0,Package,,,0,,,,,,Not Submitted
"2,390",,KOL 1090,Tiktok,,0,Package,,,0,,,,,,Not Submitted
"2,391",,KOL 1091,Tiktok,,0,Package,,,0,,,,,,Not Submitted
"2,392",,KOL 1092,Tiktok,,0,Package,,,0,,,,,,Not Submitted
"2,393",,KOL 1093,Tiktok,,0,Package,,,0,,,,,,Not Submitted
"2,394",,KOL 1094,Tiktok,,0,Package,,,0,,,,,,Not Submitted
"2,395",,KOL 1095,Tiktok,,0,Package,,,0,,,,,,Not Submitted
"2,396",,KOL 1096,Tiktok,,0,Package,,,0,,,,,,Not Submitted
"2,397",,KOL 1097,Tiktok,,0,Package,,,0,,,,,,Not Submitted
"2,398",,KOL 1098,Tiktok,,0,Package,,,0,,,,,,Not Submitted
"2,399",,KOL 1099,Tiktok,,0,Package,,,0,,,,,,Not Submitted
"2,400",,KOL 1100,Tiktok,,0,Package,,,0,,,,,,Not Submitted
"2,401",18-Jun,KOL 1101,Tiktok,,0,Package,,,0,,,,,,Not Submitted
"2,402",,KOL 1102,Tiktok,,0,Package,,,0,,,,,,Not Submitted
"2,403",18-Jun,KOL 1103,Tiktok,,0,Package,,,0,,,,,,Not Submitted
"2,404",,KOL 1104,Tiktok,,0,Package,,,0,,,,,,Not Submitted
"2,405",,KOL 1105,Tiktok,,0,Package,,,0,,,,,,Not Submitted
"2,406",18-Jun,KOL 1106,Tiktok,,0,Package,,,0,,,,,,Not Submitted
"2,407",,KOL 1107,Tiktok,,0,Package,,,0,,,,,,Not Submitted
"2,408",,KOL 1108,Tiktok,,0,Package,,,0,,,,,,Not Submitted
"2,409",,KOL 1109,Tiktok,,0,Package,,,0,,,,,,Not Submitted
"2,410",,KOL 1110,Tiktok,,0,Package,,,0,,,,,,Not Submitted
"2,411",,KOL 1111,Tiktok,,0,Package,,,0,,,,,,Not Submitted
"2,412",,KOL 1112,Tiktok,,0,Package,,,0,,,,,,Not Submitted
"2,413",,KOL 1113,Tiktok,,0,Package,,,0,,,,,,Not Submitted
"2,414",,KOL 1114,Tiktok,,0,Package,,,0,,,,,,Not Submitted
"2,415",,KOL 1115,Tiktok,,0,Package,,,0,,,,,,Not Submitted
"2,416",,KOL 1116,Tiktok,,0,Package,,,0,,,,,,Not Submitted
"2,417",,KOL 1117,Tiktok,,0,Package,,,0,,,,,,Not Submitted
"2,418",,KOL 1118,Tiktok,,0,Package,,,0,,,,,,Not Submitted
"2,419",,KOL 1119,Tiktok,,0,Package,,,0,,,,,,Not Submitted
"2,420",,KOL 1120,Tiktok,,0,Package,,,0,,,,,,Not Submitted
"2,421",,KOL 1121,Tiktok,,0,Package,,,0,,,,,,Not Submitted
"2,422",,KOL 1122,Tiktok,,0,Package,,,0,,,,,,Not Submitted
"2,423",18-Jun,KOL 1123,Tiktok,,0,Package,,,0,,,,,,Not Submitted
"2,424",,KOL 1124,Tiktok,,0,Package,,,0,,,,,,Not Submitted
"2,425",,KOL 1125,Tiktok,,0,Package,,,0,,,,,,Not Submitted
"2,426",,KOL 1126,Tiktok,,0,Package,,,0,,,,,,Not Submitted
"2,427",,KOL 1127,Tiktok,,0,Package,,,0,,,,,,Not Submitted
"2,428",,KOL 1128,Tiktok,,0,Package,,,0,,,,,,Not Submitted
"2,429",,KOL 1129,Tiktok,,0,Package,,,0,,,,,,Not Submitted
"2,430",18-Jun,KOL 1130,Tiktok,,0,Package,,,0,,,,,,Not Submitted
"2,431",,KOL 1131,Tiktok,,0,Package,,,0,,,,,,Not Submitted
"2,432",,KOL 1132,Tiktok,,0,Package,,,0,,,,,,Not Submitted
"2,433",,KOL 1133,Tiktok,,0,Package,,,0,,,,,,Not Submitted
"2,434",,KOL 1134,Tiktok,,0,Package,,,0,,,,,,Not Submitted
"2,435",,KOL 1135,Tiktok,,0,Package,,,0,,,,,,Not Submitted
"2,436",,KOL 1136,Tiktok,,0,Package,,,0,,,,,,Not Submitted
"2,437",,KOL 1137,Tiktok,,0,Package,,,,,,,,,Not Submitted
"2,438",,KOL 1138,Tiktok,,0,Package,,,0,,,,,,Not Submitted
"2,439",,KOL 1139,Tiktok,,0,Package,,,0,,,,,,Not Submitted
"2,440",,KOL 1140,Tiktok,,0,Package,,,0,,,,,,Not Submitted
"2,441",,KOL 1141,Tiktok,,0,Package,,,0,,,,,,Not Submitted
"2,442",,KOL 1142,Tiktok,,0,Package,,,0,,,,,,Not Submitted
"2,443",,KOL 1143,Tiktok,,0,Package,,,0,,,,,,Not Submitted
"2,444",,KOL 1144,Tiktok,,0,Package,,,0,,,,,,Not Submitted
"2,445",,KOL 1145,Tiktok,,0,Package,,,0,,,,,,Not Submitted
"2,446",,KOL 1146,Tiktok,,0,Package,,,0,,,,,,Not Submitted
"2,447",,KOL 1147,Tiktok,,0,Package,,,0,,,,,,Not Submitted
"2,448",,KOL 1148,Tiktok,,0,Package,,,0,,,,,,Not Submitted
"2,449",,KOL 1149,Tiktok,,0,Package,,,0,,,,,,Not Submitted
"2,450",,KOL 1150,Tiktok,,0,Package,,,0,,,,,,Not Submitted
"2,451",,KOL 1151,Tiktok,,0,Package,,,0,,,,,,Not Submitted
"2,452",,KOL 1152,Tiktok,,0,Package,,,0,,,,,,Not Submitted
"2,453",,KOL 1153,Tiktok,,0,Package,,,0,,,,,,Not Submitted
"2,454",,KOL 1154,Tiktok,,0,Package,,,0,,,,,,Not Submitted
"2,455",,KOL 1155,Tiktok,,0,Package,,,0,,,,,,Not Submitted
"2,456",,KOL 1156,Tiktok,,0,Package,,,0,,,,,,Not Submitted
"2,457",,KOL 1157,Tiktok,,0,Package,,,0,,,,,,Not Submitted
"2,458",,KOL 1158,Tiktok,,0,Package,,,0,,,,,,Not Submitted
"2,459",,KOL 1159,Tiktok,,0,Package,,,0,,,,,,Not Submitted
"2,460",,KOL 1160,Tiktok,,0,Package,,,0,,,,,,Not Submitted
"2,461",,KOL 1161,Tiktok,,0,Package,,,0,,,,,,Not Submitted
"2,462",,KOL 1162,Tiktok,,0,Package,,,0,,,,,,Not Submitted
"2,463",,KOL 1163,Tiktok,,0,Package,,,0,,,,,,Not Submitted
"2,464",,KOL 1164,Tiktok,,0,Package,,,0,,,,,,Not Submitted
"2,465",,KOL 1165,Tiktok,,0,Package,,,0,,,,,,Not Submitted
"2,466",,KOL 1166,Tiktok,,0,Package,,,0,,,,,,Not Submitted
"2,467",,KOL 1167,Tiktok,,0,Package,,,0,,,,,,Not Submitted
"2,468",,KOL 1168,Tiktok,,0,Package,,,0,,,,,,Not Submitted
"2,469",,KOL 1169,Tiktok,,0,Package,,,0,,,,,,Not Submitted
"2,470",,KOL 1170,Tiktok,,,Package,,,0,,,,,,Not Submitted
"2,471",,KOL 1171,Tiktok,,,Package,,,0,,,,,,Not Submitted
"2,472",,KOL 1172,Tiktok,,,Package,,,0,,,,,,Not Submitted
"2,473",,KOL 1173,Tiktok,,,Package,,,0,,,,,,Not Submitted
"2,474",,KOL 1174,Tiktok,,,Package,,,0,,,,,,Not Submitted
"2,475",,KOL 1175,Tiktok,,,Package,,,0,,,,,,Not Submitted
"2,476",,KOL 1176,Tiktok,,,Package,,,0,,,,,,Not Submitted
"2,477",,KOL 1177,Tiktok,,,Package,,,0,,,,,,Not Submitted
"2,478",,KOL 1178,Tiktok,,,Package,,,0,,,,,,Not Submitted
"2,479",,KOL 1179,Tiktok,,,Package,,,0,,,,,,Not Submitted
"2,480",,KOL 1180,Tiktok,,,Package,,,0,,,,,,Not Submitted
"2,481",,KOL 1181,Tiktok,,,Package,,,0,,,,,,Not Submitted
"2,482",,KOL 1182,Tiktok,,,Package,,,0,,,,,,Not Submitted
"2,483",,KOL 1183,Tiktok,,,Package,,,0,,,,,,Not Submitted
"2,484",,KOL 1184,Tiktok,,,Package,,,0,,,,,,Not Submitted
"2,485",,KOL 1185,Tiktok,,,Package,,,0,,,,,,Not Submitted
"2,486",,KOL 1186,Tiktok,,,Package,,,0,,,,,,Not Submitted
"2,487",,KOL 1187,Tiktok,,,Package,,,0,,,,,,Not Submitted
"2,488",,KOL 1188,Tiktok,,,Package,,,0,,,,,,Not Submitted
"2,489",,KOL 1189,Tiktok,,,Package,,,0,,,,,,Not Submitted
"2,490",,KOL 1190,Tiktok,,,Package,,,0,,,,,,Not Submitted
"2,491",,KOL 1191,Tiktok,,,Package,,,0,,,,,,Not Submitted
"2,492",,KOL 1192,Tiktok,,,Package,,,0,,,,,,Not Submitted
"2,493",,KOL 1193,Tiktok,,,Package,,,0,,,,,,Not Submitted
"2,494",,KOL 1194,Tiktok,,,Package,,,0,,,,,,Not Submitted
"2,495",,KOL 1195,Tiktok,,,Package,,,0,,,,,,Not Submitted
"2,496",,KOL 1196,Tiktok,,,Package,,,0,,,,,,Not Submitted
"2,497",,KOL 1197,Tiktok,,,Package,,,0,,,,,,Not Submitted
"2,498",,KOL 1198,Tiktok,,,Package,,,0,,,,,,Not Submitted
"2,499",,KOL 1199,Tiktok,,,Package,,,0,,,,,,Not Submitted
"2,500",,KOL 1200,Tiktok,,,Package,,,0,,,,,,Not Submitted
"2,501",,KOL 1201,Tiktok,,,Package,,,0,,,,,,Not Submitted
"2,502",,KOL 1202,Tiktok,,,Package,,,0,,,,,,Not Submitted
"2,503",,KOL 1203,Tiktok,,,Package,,,0,,,,,,Not Submitted
"2,504",,KOL 1204,Tiktok,,,Package,,,0,,,,,,Not Submitted
"2,505",,KOL 1205,Tiktok,,,Package,,,0,,,,,,Not Submitted
"2,506",,KOL 1206,Tiktok,,,Package,,,0,,,,,,Not Submitted
"2,507",,KOL 1207,Tiktok,,,Package,,,0,,,,,,Not Submitted
"2,508",,KOL 1208,Tiktok,,,Package,,,0,,,,,,Not Submitted
"2,509",,KOL 1209,Tiktok,,,Package,,,0,,,,,,Not Submitted
"2,510",,KOL 1210,Tiktok,,,Package,,,0,,,,,,Not Submitted
"2,511",,KOL 1211,Tiktok,,,Package,,,0,,,,,,Not Submitted
"2,512",,KOL 1212,Tiktok,,,Package,,,0,,,,,,Not Submitted
"2,513",,KOL 1213,Tiktok,,,Package,,,0,,,,,,Not Submitted
"2,514",,KOL 1214,Tiktok,,,Package,,,0,,,,,,Not Submitted
"2,515",,KOL 1215,Tiktok,,,Package,,,0,,,,,,Not Submitted
"2,516",,KOL 1216,Tiktok,,,Package,,,0,,,,,,Not Submitted
"2,517",,KOL 1217,Tiktok,,,Package,,,0,,,,,,Not Submitted
"2,518",,KOL 1218,Tiktok,,,Package,,,0,,,,,,Not Submitted
"2,519",,KOL 1219,Tiktok,,,Package,,,0,,,,,,Not Submitted
"2,520",,KOL 1220,Tiktok,,,Package,,,0,,,,,,Not Submitted
"2,521",,KOL 1221,Tiktok,,,Package,,,0,,,,,,Not Submitted
"2,522",,KOL 1222,Tiktok,,,Package,,,0,,,,,,Not Submitted
"2,523",,KOL 1223,Tiktok,,,Package,,,0,,,,,,Not Submitted
"2,524",,KOL 1224,Tiktok,,,Package,,,0,,,,,,Not Submitted
"2,525",,KOL 1225,Tiktok,,,Package,,,0,,,,,,Not Submitted
"2,526",,KOL 1226,Tiktok,,,Package,,,0,,,,,,Not Submitted
"2,527",,KOL 1227,Tiktok,,,Package,,,0,,,,,,Not Submitted
"2,528",,KOL 1228,Tiktok,,,Package,,,0,,,,,,Not Submitted
"2,529",,KOL 1229,Tiktok,,,Package,,,0,,,,,,Not Submitted
"2,530",,KOL 1230,Tiktok,,,Package,,,0,,,,,,Not Submitted
"2,531",,KOL 1231,Tiktok,,,Package,,,0,,,,,,Not Submitted
"2,532",,KOL 1232,Tiktok,,,Package,,,0,,,,,,Not Submitted
"2,533",,KOL 1233,Tiktok,,,Package,,,0,,,,,,Not Submitted
"2,534",,KOL 1234,Tiktok,,,Package,,,0,,,,,,Not Submitted
"2,535",,KOL 1235,Tiktok,,,Package,,,0,,,,,,Not Submitted
"2,536",,KOL 1236,Tiktok,,,Package,,,0,,,,,,Not Submitted
"2,537",,KOL 1237,Tiktok,,,Package,,,0,,,,,,Not Submitted
"2,538",,KOL 1238,Tiktok,,,Package,,,0,,,,,,Not Submitted
"2,539",,KOL 1239,Tiktok,,,Package,,,0,,,,,,Not Submitted
"2,540",,KOL 1240,Tiktok,,,Package,,,0,,,,,,Not Submitted
"2,541",,KOL 1241,Tiktok,,,Package,,,0,,,,,,Not Submitted
"2,542",,KOL 1242,Tiktok,,,Package,,,0,,,,,,Not Submitted
"2,543",,KOL 1243,Tiktok,,,Package,,,0,,,,,,Not Submitted
"2,544",,KOL 1244,Tiktok,,,Package,,,0,,,,,,Not Submitted
"2,545",,KOL 1245,Tiktok,,,Package,,,0,,,,,,Not Submitted
"2,546",,KOL 1246,Tiktok,,,Package,,,0,,,,,,Not Submitted
"2,547",,KOL 1247,Tiktok,,,Package,,,0,,,,,,Not Submitted
"2,548",,KOL 1248,Tiktok,,,Package,,,0,,,,,,Not Submitted
"2,549",,KOL 1249,Tiktok,,,Package,,,0,,,,,,Not Submitted
"2,550",,KOL 1250,Tiktok,,,Package,,,0,,,,,,Not Submitted
"2,551",,KOL 1251,Tiktok,,,Package,,,0,,,,,,Not Submitted
"2,552",,KOL 1252,Tiktok,,,Package,,,0,,,,,,Not Submitted
"2,553",,KOL 1253,Tiktok,,,Package,,,0,,,,,,Not Submitted
"2,554",10-Jun,KOL 1254,Tiktok,,,Package,,,0,,,,,,Not Submitted
"2,555",,KOL 1255,Tiktok,,,Package,,,0,,,,,,Not Submitted
"2,556",,KOL 1256,Tiktok,,,Package,,,0,,,,,,Not Submitted
"2,557",,KOL 1257,Tiktok,,,Package,,,0,,,,,,Not Submitted
"2,558",,KOL 1258,Tiktok,,,Package,,,0,,,,,,Not Submitted
"2,559",,KOL 1259,Tiktok,,,Package,,,0,,,,,,Not Submitted
"2,560",,KOL 1260,Tiktok,,,Package,,,0,,,,,,Not Submitted
"2,561",,KOL 1261,Tiktok,,,Package,,,0,,,,,,Not Submitted
"2,562",,KOL 1262,Tiktok,,,Package,,,0,,,,,,Not Submitted
"2,563",,KOL 1263,Tiktok,,,Package,,,0,,,,,,Not Submitted
"2,564",,KOL 1264,Tiktok,,,Package,,,0,,,,,,Not Submitted
"2,565",,KOL 1265,Tiktok,,,Package,,,0,,,,,,Not Submitted
"2,566",,KOL 1266,Tiktok,,,Package,,,0,,,,,,Not Submitted
"2,567",,KOL 1267,Tiktok,,,Package,,,0,,,,,,Not Submitted
"2,568",,KOL 1268,Tiktok,,,Package,,,0,,,,,,Not Submitted
"2,569",,KOL 1269,Tiktok,,,Package,,,0,,,,,,Not Submitted
"2,570",,KOL 1270,Tiktok,,,Package,,,0,,,,,,Not Submitted
"2,571",,KOL 1271,Tiktok,,,Package,,,0,,,,,,Not Submitted
"2,572",,KOL 1272,Tiktok,,,Package,,,0,,,,,,Not Submitted
"2,573",,KOL 1273,Tiktok,,,Package,,,0,,,,,,Not Submitted
"2,574",,KOL 1274,Tiktok,,,Package,,,0,,,,,,Not Submitted
"2,575",,KOL 1275,Tiktok,,,Package,,,0,,,,,,Not Submitted
"2,576",,KOL 1276,Tiktok,,,Package,,,0,,,,,,Not Submitted
"2,577",,KOL 1277,Tiktok,,,Package,,,0,,,,,,Not Submitted
"2,578",,KOL 1278,Tiktok,,,Package,,,0,,,,,,Not Submitted
"2,579",,KOL 1279,Tiktok,,,Package,,,0,,,,,,Not Submitted
"2,580",,KOL 1280,Tiktok,,,Package,,,0,,,,,,Not Submitted
"2,581",,KOL 1281,Tiktok,,,Package,,,0,,,,,,Not Submitted
"2,582",,KOL 1282,Tiktok,,,Package,,,0,,,,,,Not Submitted
"2,583",,KOL 1283,Tiktok,,,Package,,,0,,,,,,Not Submitted
"2,584",,KOL 1284,Tiktok,,,Package,,,0,,,,,,Not Submitted
"2,585",,KOL 1285,Tiktok,,,Package,,,0,,,,,,Not Submitted
"2,586",,KOL 1286,Tiktok,,,Package,,,0,,,,,,Not Submitted
"2,587",,KOL 1287,Tiktok,,,Package,,,0,,,,,,Not Submitted
"2,588",,KOL 1288,Tiktok,,,Package,,,0,,,,,,Not Submitted
"2,589",,KOL 1289,Tiktok,,,Package,,,0,,,,,,Not Submitted
"2,590",,KOL 1290,Tiktok,,,Package,,,0,,,,,,Not Submitted
"2,591",,KOL 1291,Tiktok,,,Package,,,0,,,,,,Not Submitted
"2,592",,KOL 1292,Tiktok,,,Package,,,0,,,,,,Not Submitted
"2,593",,KOL 1293,Tiktok,,,Package,,,0,,,,,,Not Submitted
"2,594",,KOL 1294,Tiktok,,,Package,,,0,,,,,,Not Submitted
"2,595",,KOL 1295,Tiktok,,,Package,,,0,,,,,,Not Submitted
"2,596",,KOL 1296,Tiktok,,,Package,,,0,,,,,,Not Submitted
"2,597",,KOL 1297,Tiktok,,,Package,,,0,,,,,,Not Submitted
"2,598",,KOL 1298,Tiktok,,,Package,,,0,,,,,,Not Submitted
"2,599",,KOL 1299,Tiktok,,,Package,,,0,,,,,,Not Submitted
"2,600",,KOL 1300,Tiktok,,,Package,,,0,,,,,,Not Submitted
